time,pwma,pwmb,pitch,motor_a_speed,motor_b_speed,target_speed,target_angle,running_success_flag,angle_error
0,0,0,7.27,0,0,0,0,1,-7.27
0.004882,0,0,7.25,0,0,0,0,1,-7.25
0.009887,0,0,7.24,0,0,0,0,1,-7.24
0.014892,0,0,7.24,0,0,0,0,1,-7.24
0.019897,-516,-516,7.25,0,0,0,0,1,-7.25
0.024902,-516,-516,7.19,0,0,0,0,1,-7.19
0.029907,-506,-506,7.39,-4,-4,0,0,1,-7.39
0.034912,-514,-514,7.46,-4,-4,0,0,1,-7.46
0.039917,-486,-486,7.16,-8,-8,0,-1.5,1,-8.66
0.044921,-392,-392,6.65,-8,-8,0,-1.5,1,-8.15
0.049926,-394,-394,6.4,-10,-12,0,-3,1,-9.4
0.054931,-356,-356,6.25,-10,-12,0,-3,1,-9.25
0.059936,-438,-438,5.61,-14,-14,0,-4.13,1,-9.74
0.064941,-347,-347,4.77,-14,-14,0,-4.13,1,-8.9
0.069946,-335,-335,4.49,-16,-16,0,-5.26,1,-9.75
0.074951,-360,-360,4.45,-16,-16,0,-5.26,1,-9.71
0.079956,-485,-485,4.02,-16,-18,0,-6.03,1,-10.05
0.08496,-434,-434,3.15,-16,-18,0,-6.03,1,-9.18
0.089965,-400,-400,3.03,-18,-18,0,-6.42,1,-9.45
0.09497,-437,-437,3.16,-18,-18,0,-6.42,1,-9.58
0.099975,-528,-528,2.9,-20,-20,0,-6.82,1,-9.72
0.10498,-487,-487,2.26,-20,-20,0,-6.82,1,-9.08
0.109985,-424,-424,2.23,-20,-22,0,-7.59,1,-9.82
0.11499,-425,-425,2.15,-20,-22,0,-7.59,1,-9.74
0.119995,-486,-486,1.77,-24,-26,0,-7.98,1,-9.75
0.125,-437,-437,1.21,-24,-26,0,-7.98,1,-9.19
0.129882,-392,-392,0.99,-24,-26,0,-9.5,1,-10.49
0.134887,-380,-380,0.93,-24,-26,0,-9.5,1,-10.43
0.139892,-493,-493,0.36,-24,-26,0,-9.53,1,-9.89
0.144897,-420,-420,-0.17,-24,-26,0,-9.53,1,-9.36
0.149902,-351,-351,-0.42,-26,-28,0,-9.56,1,-9.14
0.154907,-335,-335,-0.77,-26,-28,0,-9.56,1,-8.79
0.159912,-313,-313,-1.22,-28,-28,0,-10.34,1,-9.12
0.164917,-272,-272,-1.92,-28,-28,0,-10.34,1,-8.42
0.169921,-261,-261,-2.28,-28,-28,0,-10.75,1,-8.47
0.174926,-247,-247,-3.09,-28,-28,0,-10.75,1,-7.66
0.179931,-235,-235,-3.55,-24,-28,0,-10.78,1,-7.23
0.184936,-247,-247,-3.93,-24,-28,0,-10.78,1,-6.85
0.189941,-285,-285,-3.82,-26,-26,0,-10.07,1,-6.25
0.194946,-347,-347,-3.96,-26,-26,0,-10.07,1,-6.11
0.199951,-300,-300,-4.23,-22,-24,0,-10.1,1,-5.87
0.204956,-285,-285,-4.31,-22,-24,0,-10.1,1,-5.79
0.20996,-289,-289,-4.21,-24,-24,0,-9.01,1,-4.8
0.214965,-316,-316,-4.44,-24,-24,0,-9.01,1,-4.57
0.21997,-214,-214,-4.62,-22,-24,0,-9.41,1,-4.79
0.224975,-197,-197,-4.79,-22,-24,0,-9.41,1,-4.62
0.22998,-227,-227,-4.73,-22,-24,0,-9.07,1,-4.34
0.234985,-254,-254,-4.86,-22,-24,0,-9.07,1,-4.21
0.23999,-235,-235,-5.02,-18,-22,0,-9.09,1,-4.07
0.244995,-236,-236,-5.03,-18,-22,0,-9.09,1,-4.06
0.25,-257,-257,-4.76,-20,-22,0,-8,1,-3.24
0.254882,-301,-301,-4.85,-20,-22,0,-8,1,-3.15
0.259887,-214,-214,-4.84,-18,-20,0,-8.4,1,-3.56
0.264892,-214,-214,-4.77,-18,-20,0,-8.4,1,-3.63
0.269897,-256,-256,-4.51,-18,-20,0,-7.67,1,-3.16
0.274902,-282,-282,-4.59,-18,-20,0,-7.67,1,-3.08
0.279907,-214,-214,-4.67,-18,-18,0,-7.7,1,-3.03
0.284912,-204,-204,-4.64,-18,-18,0,-7.7,1,-3.06
0.289917,-214,-214,-4.39,-18,-20,0,-7.35,1,-2.96
0.294921,-243,-243,-4.52,-18,-20,0,-7.35,1,-2.83
0.299926,-197,-197,-4.61,-16,-18,0,-7.74,1,-3.13
0.304931,-190,-190,-4.56,-16,-18,0,-7.74,1,-3.18
0.309936,-236,-236,-4.36,-18,-16,0,-7.02,1,-2.66
0.314941,-269,-269,-4.29,-18,-16,0,-7.02,1,-2.73
0.319946,-218,-218,-4.39,-14,-16,0,-7.04,1,-2.65
0.324951,-208,-208,-4.28,-14,-16,0,-7.04,1,-2.76
0.329956,-224,-224,-4.04,-16,-18,0,-6.31,1,-2.27
0.33496,-249,-249,-4.06,-16,-18,0,-6.31,1,-2.25
0.339965,-180,-180,-4.14,-14,-16,0,-7.07,1,-2.93
0.34497,-168,-168,-4.06,-14,-16,0,-7.07,1,-3.01
0.349975,-229,-229,-3.9,-16,-18,0,-6.35,1,-2.45
0.35498,-243,-243,-3.88,-16,-18,0,-6.35,1,-2.47
0.359985,-182,-182,-3.99,-14,-14,0,-7.11,1,-3.12
0.36499,-166,-166,-3.91,-14,-14,0,-7.11,1,-3.2
0.369995,-228,-228,-3.75,-14,-16,0,-6.01,1,-2.26
0.375,-244,-244,-3.77,-14,-16,0,-6.01,1,-2.24
0.379882,-158,-158,-3.85,-12,-14,0,-6.4,1,-2.55
0.384887,-153,-153,-3.8,-12,-14,0,-6.4,1,-2.6
0.389892,-194,-194,-3.55,-12,-14,0,-5.67,1,-2.12
0.394897,-224,-224,-3.47,-12,-14,0,-5.67,1,-2.2
0.399902,-175,-175,-3.55,-12,-12,0,-5.69,1,-2.14
0.404907,-160,-160,-3.5,-12,-12,0,-5.69,1,-2.19
0.409912,-164,-164,-3.27,-12,-16,0,-5.33,1,-2.06
0.414917,-182,-182,-3.33,-12,-16,0,-5.33,1,-2
0.419921,-137,-137,-3.44,-12,-14,0,-6.09,1,-2.65
0.424926,-120,-120,-3.41,-12,-14,0,-6.09,1,-2.68
0.429931,-174,-174,-3.4,-10,-14,0,-5.73,1,-2.33
0.434936,-177,-177,-3.33,-10,-14,0,-5.73,1,-2.4
0.439941,-149,-149,-3.44,-10,-12,0,-5.38,1,-1.94
0.444946,-135,-135,-3.47,-10,-12,0,-5.38,1,-1.91
0.449951,-109,-109,-3.37,-10,-12,0,-5.02,1,-1.65
0.454956,-124,-124,-3.28,-10,-12,0,-5.02,1,-1.74
0.45996,-107,-107,-3.4,-10,-10,0,-5.03,1,-1.63
0.464965,-97,-97,-3.36,-10,-10,0,-5.03,1,-1.67
0.46997,-102,-102,-3.32,-10,-10,0,-4.67,1,-1.35
0.474975,-109,-109,-3.2,-10,-10,0,-4.67,1,-1.47
0.47998,-88,-88,-3.27,-8,-8,0,-4.68,1,-1.41
0.484985,-76,-76,-3.28,-8,-8,0,-4.68,1,-1.4
0.48999,-70,-70,-3.28,-8,-10,0,-3.94,1,-0.66
0.494995,-69,-69,-3.23,-8,-10,0,-3.94,1,-0.71
0.5,-16,-16,-3.36,-6,-8,0,-4.33,1,-0.97
0.504882,-4,-4,-3.37,-6,-8,0,-4.33,1,-0.96
0.509887,-30,-30,-3.38,-6,-8,0,-3.59,1,-0.21
0.514892,-32,-32,-3.42,-6,-8,0,-3.59,1,-0.17
0.519897,20,20,-3.45,-6,-6,0,-3.6,1,-0.15
0.524902,20,20,-3.51,-6,-6,0,-3.6,1,-0.0900000000000003
0.529907,18,18,-3.59,-4,-4,0,-3.23,1,0.36
0.534912,13,13,-3.6,-4,-4,0,-3.23,1,0.37
0.539917,19,19,-3.51,-4,-4,0,-2.49,1,1.02
0.544921,-14,-14,-3.46,-4,-4,0,-2.49,1,0.97
0.549926,14,14,-3.35,-2,-2,0,-2.5,1,0.85
0.554931,-10,-10,-3.24,-2,-2,0,-2.5,1,0.74
0.559936,-30,-30,-3.1,-2,-2,0,-1.75,1,1.35
0.564941,-47,-47,-2.97,-2,-2,0,-1.75,1,1.22
0.569946,-9,-9,-2.9,-2,-2,0,-1.76,1,1.14
0.574951,-14,-14,-2.71,-2,-2,0,-1.76,1,0.95
0.579956,-27,-27,-2.61,-2,-2,0,-1.76,1,0.85
0.58496,-35,-35,-2.48,-2,-2,0,-1.76,1,0.72
0.589965,-44,-44,-2.37,-2,-2,0,-1.76,1,0.61
0.59497,-52,-52,-2.23,-2,-2,0,-1.76,1,0.47
0.599975,-62,-62,-2.08,-2,-2,0,-1.76,1,0.32
0.60498,-72,-72,-1.89,-2,-2,0,-1.76,1,0.13
0.609985,-77,-77,-1.75,-2,-2,0,-1.77,1,-0.02
0.61499,-65,-65,-1.66,-2,-2,0,-1.77,1,-0.11
0.619995,-40,-40,-1.73,0,-2,0,-1.77,1,-0.04
0.625,-10,-10,-1.73,0,-2,0,-1.77,1,-0.04
0.629882,3,3,-1.76,-2,-2,0,-1.4,1,0.36
0.634887,11,11,-1.69,-2,-2,0,-1.4,1,0.29
0.639892,37,37,-1.71,-2,-2,0,-1.77,1,-0.0600000000000001
0.644897,44,44,-1.79,-2,-2,0,-1.77,1,0.02
0.649902,34,34,-1.77,0,-2,0,-1.78,1,-0.01
0.654907,36,36,-1.89,0,-2,0,-1.78,1,0.11
0.659912,43,43,-1.89,0,0,0,-1.4,1,0.49
0.664917,41,41,-1.9,0,0,0,-1.4,1,0.5
0.669921,63,63,-1.89,0,0,0,-1.03,1,0.86
0.674926,56,56,-1.89,0,0,0,-1.03,1,0.86
0.679931,77,77,-1.82,0,0,0,-1.03,1,0.79
0.684936,74,74,-1.86,0,0,0,-1.03,1,0.83
0.689941,85,85,-1.84,2,2,0,-1.03,1,0.81
0.694946,90,90,-1.89,2,2,0,-1.03,1,0.86
0.699951,97,97,-1.88,0,2,0,-0.28,1,1.6
0.704956,103,103,-2,0,2,0,-0.28,1,1.72
0.70996,167,167,-2.16,4,4,0,-0.65,1,1.51
0.714965,169,169,-2.17,4,4,0,-0.65,1,1.52
0.71997,117,117,-1.98,4,4,0,0.47,1,2.45
0.724975,77,77,-1.9,4,4,0,0.47,1,2.37
0.72998,148,148,-2.02,4,6,0,0.47,1,2.49
0.734985,173,173,-2.06,4,6,0,0.47,1,2.53
0.73999,172,172,-1.87,2,4,0,0.85,1,2.72
0.744995,132,132,-1.75,2,4,0,0.85,1,2.6
0.75,138,138,-1.86,6,6,0,0.11,1,1.97
0.754882,160,160,-1.86,6,6,0,0.11,1,1.97
0.759887,106,106,-1.6,4,6,0,1.24,1,2.84
0.764892,61,61,-1.46,4,6,0,1.24,1,2.7
0.769897,108,108,-1.25,6,6,0,0.87,1,2.12
0.774902,100,100,-1.27,6,6,0,0.87,1,2.14
0.779907,88,88,-1.18,4,6,0,1.25,1,2.43
0.784912,96,96,-1.08,4,6,0,1.25,1,2.33
0.789917,116,116,-1.03,6,6,0,0.88,1,1.91
0.794921,119,119,-1.06,6,6,0,0.88,1,1.94
0.799926,99,99,-0.87,6,6,0,1.26,1,2.13
0.804931,83,83,-0.78,6,6,0,1.26,1,2.04
0.809936,109,109,-0.85,6,8,0,1.27,1,2.12
0.814941,136,136,-0.93,6,8,0,1.27,1,2.2
0.819946,149,149,-0.75,6,4,0,1.65,1,2.4
0.824951,123,123,-0.67,6,4,0,1.65,1,2.32
0.829956,140,140,-0.73,8,8,0,0.91,1,1.64
0.83496,160,160,-0.78,8,8,0,0.91,1,1.69
0.839965,119,119,-0.71,8,6,0,2.04,1,2.75
0.84497,107,107,-0.64,8,6,0,2.04,1,2.68
0.849975,171,171,-0.61,6,8,0,1.67,1,2.28
0.85498,176,176,-0.68,6,8,0,1.67,1,2.35
0.859985,166,166,-0.61,6,8,0,1.68,1,2.29
0.86499,166,166,-0.6,6,8,0,1.68,1,2.28
0.869995,166,166,-0.88,8,8,0,1.69,1,2.57
0.875,198,198,-0.99,8,8,0,1.69,1,2.68
0.879882,199,199,-0.74,8,8,0,2.07,1,2.81
0.884887,152,152,-0.68,8,8,0,2.07,1,2.75
0.889892,164,164,-0.68,8,10,0,2.08,1,2.76
0.894897,180,180,-0.82,8,10,0,2.08,1,2.9
0.899902,195,195,-0.81,8,10,0,2.47,1,3.28
0.904907,186,186,-0.7,8,10,0,2.47,1,3.17
0.909912,186,186,-0.76,10,10,0,2.48,1,3.24
0.914917,191,191,-0.8,10,10,0,2.48,1,3.28
0.919921,194,194,-0.67,8,10,0,2.86,1,3.53
0.924926,177,177,-0.54,8,10,0,2.86,1,3.4
0.929931,183,183,-0.57,10,10,0,2.5,1,3.07
0.934936,193,193,-0.55,10,10,0,2.5,1,3.05
0.939941,166,166,-0.33,10,10,0,2.89,1,3.22
0.944946,137,137,-0.17,10,10,0,2.89,1,3.06
0.949951,144,144,-0.15,12,12,0,2.9,1,3.05
0.954956,157,157,-0.09,12,12,0,2.9,1,2.99
0.95996,162,162,0,8,10,0,3.66,1,3.66
0.964965,159,159,0.08,8,10,0,3.66,1,3.58
0.96997,203,203,-0.04,12,12,0,2.55,1,2.59
0.974975,222,222,-0.04,12,12,0,2.55,1,2.59
0.97998,147,147,0.16,10,10,0,3.68,1,3.52
0.984985,117,117,0.31,10,10,0,3.68,1,3.37
0.98999,177,177,0.39,12,12,0,2.95,1,2.56
0.994995,188,188,0.33,12,12,0,2.95,1,2.62
1,154,154,0.43,10,8,0,3.71,1,3.28
1.004882,152,152,0.51,10,8,0,3.71,1,3.2
1.009887,196,196,0.37,12,12,0,2.6,1,2.23
1.014892,215,215,0.33,12,12,0,2.6,1,2.27
1.019897,137,137,0.61,10,10,0,3.73,1,3.12
1.024902,100,100,0.7,10,10,0,3.73,1,3.03
1.029907,173,173,0.82,10,10,0,3,1,2.18
1.034912,187,187,0.72,10,10,0,3,1,2.28
1.039917,160,160,0.71,10,8,0,3.01,1,2.3
1.044921,175,175,0.69,10,8,0,3.01,1,2.32
1.049926,178,178,0.45,10,10,0,2.65,1,2.2
1.054931,203,203,0.36,10,10,0,2.65,1,2.29
1.059936,179,179,0.5,10,10,0,3.04,1,2.54
1.064941,152,152,0.57,10,10,0,3.04,1,2.47
1.069946,169,169,0.42,12,12,0,3.05,1,2.63
1.074951,199,199,0.33,12,12,0,3.05,1,2.72
1.079956,212,212,0.45,10,10,0,3.81,1,3.36
1.08496,188,188,0.52,10,10,0,3.81,1,3.29
1.089965,227,227,0.37,10,12,0,3.07,1,2.7
1.09497,251,251,0.31,10,12,0,3.07,1,2.76
1.099975,207,207,0.37,10,10,0,3.46,1,3.09
1.10498,192,192,0.47,10,10,0,3.46,1,2.99
1.109985,196,196,0.46,12,12,0,3.1,1,2.64
1.11499,202,202,0.35,12,12,0,3.1,1,2.75
1.119995,187,187,0.52,12,10,0,3.86,1,3.34
1.125,163,163,0.61,12,10,0,3.86,1,3.25
1.129882,199,199,0.61,12,12,0,3.5,1,2.89
1.134887,211,211,0.54,12,12,0,3.5,1,2.96
1.139892,197,197,0.65,10,10,0,3.89,1,3.24
1.144897,191,191,0.74,10,10,0,3.89,1,3.15
1.149902,212,212,0.59,14,12,0,3.15,1,2.56
1.154907,235,235,0.58,14,12,0,3.15,1,2.57
1.159912,182,182,0.74,12,10,0,4.29,1,3.55
1.164917,156,156,0.81,12,10,0,4.29,1,3.48
1.169921,224,224,0.74,12,12,0,3.55,1,2.81
1.174926,242,242,0.7,12,12,0,3.55,1,2.85
1.179931,199,199,0.76,10,10,0,3.94,1,3.18
1.184936,196,196,0.82,10,10,0,3.94,1,3.12
1.189941,223,223,0.57,12,12,0,3.21,1,2.64
1.194946,257,257,0.59,12,12,0,3.21,1,2.62
1.199951,198,198,0.74,10,10,0,3.97,1,3.23
1.204956,170,170,0.82,10,10,0,3.97,1,3.15
1.20996,210,210,0.65,14,12,0,3.23,1,2.58
1.214965,239,239,0.6,14,12,0,3.23,1,2.63
1.21997,192,192,0.76,12,10,0,4.37,1,3.61
1.224975,176,176,0.73,12,10,0,4.37,1,3.64
1.22998,267,267,0.56,14,12,0,3.64,1,3.08
1.234985,294,294,0.54,14,12,0,3.64,1,3.1
1.23999,238,238,0.7,12,10,0,4.4,1,3.7
1.244995,219,219,0.69,12,10,0,4.4,1,3.71
1.25,285,285,0.33,14,12,0,3.67,1,3.34
1.254882,335,335,0.17,14,12,0,3.67,1,3.5
1.259887,291,291,0.19,12,12,0,4.43,1,4.24
1.264892,264,264,0.27,12,12,0,4.43,1,4.16
1.269897,292,292,0.1,16,14,0,4.07,1,3.97
1.274902,309,309,0.21,16,14,0,4.07,1,3.86
1.279907,262,262,0.26,14,12,0,5.2,1,4.94
1.284912,247,247,0.37,14,12,0,5.2,1,4.83
1.289917,314,314,0.21,18,14,0,4.47,1,4.26
1.294921,328,328,0.24,18,14,0,4.47,1,4.23
1.299926,255,255,0.38,14,14,0,5.61,1,5.23
1.304931,219,219,0.55,14,14,0,5.61,1,5.06
1.309936,277,277,0.49,16,16,0,4.88,1,4.39
1.314941,291,291,0.63,16,16,0,4.88,1,4.25
1.319946,229,229,0.7,16,14,0,5.65,1,4.95
1.324951,229,229,0.81,16,14,0,5.65,1,4.84
1.329956,279,279,0.66,16,16,0,5.29,1,4.63
1.33496,305,305,0.7,16,16,0,5.29,1,4.59
1.339965,267,267,1.01,16,14,0,5.69,1,4.68
1.34497,220,220,1.16,16,14,0,5.69,1,4.53
1.349975,234,234,1.12,16,16,0,5.33,1,4.21
1.35498,258,258,1.14,16,16,0,5.33,1,4.19
1.359985,233,233,1.23,14,16,0,5.72,1,4.49
1.36499,222,222,1.35,14,16,0,5.72,1,4.37
1.369995,228,228,1.29,16,16,0,5.37,1,4.08
1.375,237,237,1.47,16,16,0,5.37,1,3.9
1.379882,192,192,1.68,14,16,0,5.76,1,4.08
1.384887,177,177,1.79,14,16,0,5.76,1,3.97
1.389892,209,209,1.67,16,16,0,5.4,1,3.73
1.394897,242,242,1.65,16,16,0,5.4,1,3.75
1.399902,224,224,1.88,16,14,0,5.8,1,3.92
1.404907,199,199,1.93,16,14,0,5.8,1,3.87
1.409912,226,226,1.79,18,16,0,5.44,1,3.65
1.414917,257,257,1.88,18,16,0,5.44,1,3.56
1.419921,228,228,1.92,14,14,0,6.21,1,4.29
1.424926,229,229,1.98,14,14,0,6.21,1,4.23
1.429931,280,280,1.77,16,16,0,5.11,1,3.34
1.434936,308,308,1.76,16,16,0,5.11,1,3.35
1.439941,225,225,1.85,14,16,0,5.87,1,4.02
1.444946,203,203,1.88,14,16,0,5.87,1,3.99
1.449951,249,249,1.87,16,16,0,5.52,1,3.65
1.454956,264,264,1.9,16,16,0,5.52,1,3.62
1.45996,238,238,2.03,14,14,0,5.91,1,3.88
1.464965,233,233,2.05,14,14,0,5.91,1,3.86
1.46997,266,266,1.86,18,16,0,5.18,1,3.32
1.474975,295,295,1.76,18,16,0,5.18,1,3.42
1.47998,244,244,1.91,14,14,0,6.32,1,4.41
1.484985,212,212,2.03,14,14,0,6.32,1,4.29
1.48999,274,274,1.91,16,16,0,5.22,1,3.31
1.494995,297,297,1.89,16,16,0,5.22,1,3.33
1.5,222,222,1.97,14,14,0,5.98,1,4.01
1.504882,211,211,2.05,14,14,0,5.98,1,3.93
1.509887,253,253,1.92,16,16,0,5.25,1,3.33
1.514892,273,273,1.94,16,16,0,5.25,1,3.31
1.519897,217,217,2.14,14,12,0,6.02,1,3.88
1.524902,188,188,2.22,14,12,0,6.02,1,3.8
1.529907,234,234,2.1,16,16,0,4.91,1,2.81
1.534912,259,259,2.17,16,16,0,4.91,1,2.74
1.539917,177,177,2.32,16,14,0,6.05,1,3.73
1.544921,160,160,2.32,16,14,0,6.05,1,3.73
1.549926,248,248,2.11,16,14,0,5.7,1,3.59
1.554931,285,285,2.14,16,14,0,5.7,1,3.56
1.559936,253,253,2.31,14,12,0,5.72,1,3.41
1.564941,221,221,2.33,14,12,0,5.72,1,3.39
1.569946,222,222,2.12,16,16,0,4.99,1,2.87
1.574951,257,257,2.1,16,16,0,4.99,1,2.89
1.579956,202,202,2.22,14,14,0,6.12,1,3.9
1.58496,177,177,2.23,14,14,0,6.12,1,3.89
1.589965,243,243,2.16,16,14,0,5.39,1,3.23
1.59497,256,256,2.15,16,14,0,5.39,1,3.24
1.599975,199,199,2.29,12,14,0,5.79,1,3.5
1.60498,185,185,2.34,12,14,0,5.79,1,3.45
1.609985,208,208,2.25,16,14,0,5.06,1,2.81
1.61499,226,226,2.31,16,14,0,5.06,1,2.75
1.619995,172,172,2.47,14,14,0,5.82,1,3.35
1.625,161,161,2.49,14,14,0,5.82,1,3.33
1.629882,219,219,2.36,14,14,0,5.46,1,3.1
1.634887,247,247,2.33,14,14,0,5.46,1,3.13
1.639892,226,226,2.5,12,12,0,5.48,1,2.98
1.644897,204,204,2.53,12,12,0,5.48,1,2.95
1.649902,205,205,2.33,14,14,0,4.75,1,2.42
1.654907,239,239,2.26,14,14,0,4.75,1,2.49
1.659912,193,193,2.29,12,12,0,5.51,1,3.22
1.664917,178,178,2.34,12,12,0,5.51,1,3.17
1.669921,219,219,2.18,16,12,0,4.78,1,2.6
1.674926,240,240,2.19,16,12,0,4.78,1,2.59
1.679931,191,191,2.32,12,12,0,5.54,1,3.22
1.684936,180,180,2.34,12,12,0,5.54,1,3.2
1.689941,237,237,2.23,14,14,0,4.81,1,2.58
1.694946,262,262,2.07,14,14,0,4.81,1,2.74
1.699951,227,227,2.21,12,12,0,5.57,1,3.36
1.704956,209,209,2.17,12,12,0,5.57,1,3.4
1.70996,261,261,2.01,14,14,0,4.84,1,2.83
1.714965,285,285,1.98,14,14,0,4.84,1,2.86
1.71997,234,234,2.01,12,12,0,5.6,1,3.59
1.724975,230,230,2.02,12,12,0,5.6,1,3.58
1.72998,282,282,1.74,14,16,0,4.87,1,3.13
1.734985,311,311,1.72,14,16,0,4.87,1,3.15
1.73999,248,248,1.84,14,14,0,6.01,1,4.17
1.744995,216,216,1.87,14,14,0,6.01,1,4.14
1.75,287,287,1.71,16,14,0,5.65,1,3.94
1.754882,313,313,1.79,16,14,0,5.65,1,3.86
1.759887,277,277,1.82,14,14,0,6.04,1,4.22
1.764892,273,273,1.94,14,14,0,6.04,1,4.1
1.769897,288,288,1.67,16,16,0,5.69,1,4.02
1.774902,315,315,1.7,16,16,0,5.69,1,3.99
1.779907,275,275,1.77,14,14,0,6.45,1,4.68
1.784912,243,243,1.93,14,14,0,6.45,1,4.52
1.789917,274,274,1.77,16,16,0,5.72,1,3.95
1.794921,299,299,1.83,16,16,0,5.72,1,3.89
1.799926,241,241,1.92,16,14,0,6.49,1,4.57
1.804931,225,225,2.07,16,14,0,6.49,1,4.42
1.809936,256,256,2.04,16,18,0,6.13,1,4.09
1.814941,263,263,2.08,16,18,0,6.13,1,4.05
1.819946,231,231,2.31,14,14,0,6.9,1,4.59
1.824951,205,205,2.4,14,14,0,6.9,1,4.5
1.829956,248,248,2.33,16,16,0,5.8,1,3.47
1.83496,268,268,2.46,16,16,0,5.8,1,3.34
1.839965,179,179,2.62,14,14,0,6.56,1,3.94
1.84497,159,159,2.73,14,14,0,6.56,1,3.83
1.849975,206,206,2.75,16,16,0,5.83,1,3.08
1.85498,221,221,2.75,16,16,0,5.83,1,3.08
1.859985,179,179,2.9,14,12,0,6.6,1,3.7
1.86499,174,174,2.96,14,12,0,6.6,1,3.64
1.869995,230,230,2.82,16,14,0,5.5,1,2.68
1.875,259,259,2.85,16,14,0,5.5,1,2.65
1.879882,182,182,3,12,14,0,6.26,1,3.26
1.884887,162,162,3.07,12,14,0,6.26,1,3.19
1.889892,210,210,2.95,14,14,0,5.53,1,2.58
1.894897,236,236,2.93,14,14,0,5.53,1,2.6
1.899902,191,191,3,14,12,0,5.92,1,2.92
1.904907,184,184,2.98,14,12,0,5.92,1,2.94
1.909912,213,213,2.92,14,14,0,5.56,1,2.64
1.914917,230,230,2.86,14,14,0,5.56,1,2.7
1.919921,211,211,2.92,14,12,0,5.95,1,3.03
1.924926,203,203,2.96,14,12,0,5.95,1,2.99
1.929931,224,224,2.8,14,14,0,5.6,1,2.8
1.934936,246,246,2.71,14,14,0,5.6,1,2.89
1.939941,225,225,2.85,12,12,0,5.98,1,3.13
1.944946,197,197,2.87,12,12,0,5.98,1,3.11
1.949951,213,213,2.77,16,14,0,5.25,1,2.48
1.954956,231,231,2.78,16,14,0,5.25,1,2.47
1.95996,174,174,2.85,12,12,0,6.39,1,3.54
1.964965,154,154,2.95,12,12,0,6.39,1,3.44
1.96997,216,216,2.95,14,14,0,5.29,1,2.34
1.974975,223,223,2.93,14,14,0,5.29,1,2.36
1.97998,151,151,3.04,14,12,0,6.05,1,3.01
1.984985,148,148,3.08,14,12,0,6.05,1,2.97
1.98999,200,200,2.97,12,12,0,5.69,1,2.72
1.994995,220,220,2.98,12,12,0,5.69,1,2.71
2,196,196,3.14,12,12,0,5.33,1,2.19
2.004882,182,182,3.14,12,12,0,5.33,1,2.19
2.009887,162,162,2.91,14,14,0,5.35,1,2.44
2.014892,198,198,2.86,14,14,0,5.35,1,2.49
2.019897,201,201,2.91,12,12,0,6.11,1,3.2
2.024902,178,178,2.93,12,12,0,6.11,1,3.18
2.029907,218,218,2.89,14,14,0,5.38,1,2.49
2.034912,231,231,2.85,14,14,0,5.38,1,2.53
2.039917,178,178,3,12,12,0,6.14,1,3.14
2.044921,161,161,3.01,12,12,0,6.14,1,3.13
2.049926,211,211,2.92,14,12,0,5.41,1,2.49
2.054931,229,229,2.84,14,12,0,5.41,1,2.57
2.059936,182,182,2.97,10,10,0,5.8,1,2.83
2.064941,162,162,2.95,10,10,0,5.8,1,2.85
2.069946,188,188,2.87,14,14,0,4.69,1,1.82
2.074951,205,205,2.87,14,14,0,4.69,1,1.82
2.079956,126,126,2.98,10,12,0,6.2,1,3.22
2.08496,112,112,3.01,10,12,0,6.2,1,3.19
2.089965,215,215,3.03,12,12,0,5.09,1,2.06
2.09497,224,224,3,12,12,0,5.09,1,2.09
2.099975,154,154,3.09,10,10,0,5.48,1,2.39
2.10498,156,156,3.1,10,10,0,5.48,1,2.38
2.109985,192,192,2.87,12,12,0,4.75,1,1.88
2.11499,228,228,2.81,12,12,0,4.75,1,1.94
2.119995,180,180,2.88,10,10,0,5.51,1,2.63
2.125,162,162,2.8,10,10,0,5.51,1,2.71
2.129882,218,218,2.63,12,10,0,4.77,1,2.14
2.134887,245,245,2.65,12,10,0,4.77,1,2.12
2.139892,188,188,2.69,10,10,0,5.16,1,2.47
2.144897,176,176,2.63,10,10,0,5.16,1,2.53
2.149902,209,209,2.43,12,12,0,4.8,1,2.37
2.154907,237,237,2.32,12,12,0,4.8,1,2.48
2.159912,213,213,2.43,10,12,0,5.56,1,3.13
2.164917,189,189,2.41,10,12,0,5.56,1,3.15
2.169921,235,235,2.27,14,12,0,5.2,1,2.93
2.174926,254,254,2.27,14,12,0,5.2,1,2.93
2.179931,224,224,2.32,10,10,0,5.96,1,3.64
2.184936,214,214,2.27,10,10,0,5.96,1,3.69
2.189941,269,269,2.09,12,14,0,4.85,1,2.76
2.194946,284,284,2.22,12,14,0,4.85,1,2.63
2.199951,178,178,2.37,14,12,0,5.99,1,3.62
2.204956,153,153,2.37,14,12,0,5.99,1,3.62
2.20996,237,237,2.23,14,14,0,6,1,3.77
2.214965,261,261,2.19,14,14,0,6,1,3.81
2.21997,258,258,2.38,12,12,0,6.39,1,4.01
2.224975,226,226,2.47,12,12,0,6.39,1,3.92
2.22998,240,240,2.33,14,14,0,5.66,1,3.33
2.234985,265,265,2.43,14,14,0,5.66,1,3.23
2.23999,201,201,2.48,12,14,0,6.43,1,3.95
2.244995,184,184,2.66,12,14,0,6.43,1,3.77
2.25,207,207,2.48,16,14,0,6.07,1,3.59
2.254882,217,217,2.65,16,14,0,6.07,1,3.42
2.259887,170,170,2.97,12,12,0,6.83,1,3.86
2.264892,139,139,3.01,12,12,0,6.83,1,3.82
2.269897,191,191,2.98,16,14,0,5.73,1,2.75
2.274902,211,211,3.03,16,14,0,5.73,1,2.7
2.279907,132,132,3.15,12,12,0,6.86,1,3.71
2.284912,124,124,3.21,12,12,0,6.86,1,3.65
2.289917,207,207,3.24,14,14,0,5.76,1,2.52
2.294921,218,218,3.2,14,14,0,5.76,1,2.56
2.299926,147,147,3.41,10,10,0,6.52,1,3.11
2.304931,136,136,3.41,10,10,0,6.52,1,3.11
2.309936,203,203,3.28,12,12,0,5.04,1,1.76
2.314941,234,234,3.16,12,12,0,5.04,1,1.88
2.319946,144,144,3.23,10,10,0,5.8,1,2.57
2.324951,133,133,3.24,10,10,0,5.8,1,2.56
2.329956,185,185,3.2,12,12,0,5.07,1,1.87
2.33496,196,196,3.15,12,12,0,5.07,1,1.92
2.339965,153,153,3.22,10,10,0,5.83,1,2.61
2.34497,151,151,3.2,10,10,0,5.83,1,2.63
2.349975,210,210,2.99,10,12,0,5.1,1,2.11
2.35498,238,238,2.92,10,12,0,5.1,1,2.18
2.359985,186,186,3.02,8,10,0,5.48,1,2.46
2.36499,162,162,3.02,8,10,0,5.48,1,2.46
2.369995,188,188,2.92,12,12,0,4.75,1,1.83
2.375,209,209,2.74,12,12,0,4.75,1,2.01
2.379882,168,168,2.82,10,10,0,5.88,1,3.06
2.384887,146,146,2.8,10,10,0,5.88,1,3.08
2.389892,215,215,2.73,12,14,0,5.15,1,2.42
2.394897,228,228,2.65,12,14,0,5.15,1,2.5
2.399902,177,177,2.79,10,12,0,6.28,1,3.49
2.404907,156,156,2.85,10,12,0,6.28,1,3.43
2.409912,226,226,2.78,12,12,0,5.55,1,2.77
2.414917,242,242,2.7,12,12,0,5.55,1,2.85
2.419921,197,197,2.76,10,10,0,5.94,1,3.18
2.424926,187,187,2.8,10,10,0,5.94,1,3.14
2.429931,200,200,2.68,14,12,0,5.2,1,2.52
2.434936,210,210,2.75,14,12,0,5.2,1,2.45
2.439941,145,145,2.91,10,12,0,6.34,1,3.43
2.444946,119,119,3,10,12,0,6.34,1,3.34
2.449951,183,183,3.07,12,12,0,5.6,1,2.53
2.454956,186,186,3.07,12,12,0,5.6,1,2.53
2.45996,135,135,3.21,10,10,0,5.99,1,2.78
2.464965,125,125,3.25,10,10,0,5.99,1,2.74
2.46997,158,158,3.14,12,12,0,5.26,1,2.12
2.474975,182,182,3.13,12,12,0,5.26,1,2.13
2.47998,135,135,3.31,10,10,0,6.02,1,2.71
2.484985,113,113,3.29,10,10,0,6.02,1,2.73
2.48999,167,167,3.37,12,10,0,5.28,1,1.91
2.494995,173,173,3.31,12,10,0,5.28,1,1.97
2.5,132,132,3.37,10,10,0,5.67,1,2.3
2.504882,133,133,3.36,10,10,0,5.67,1,2.31
2.509887,166,166,3.28,12,12,0,5.31,1,2.03
2.514892,181,181,3.22,12,12,0,5.31,1,2.09
2.519897,159,159,3.38,10,8,0,6.07,1,2.69
2.524902,140,140,3.41,10,8,0,6.07,1,2.66
2.529907,189,189,3.39,10,10,0,4.96,1,1.57
2.534912,201,201,3.37,10,10,0,4.96,1,1.59
2.539917,128,128,3.48,8,8,0,5.35,1,1.87
2.544921,121,121,3.43,8,8,0,5.35,1,1.92
2.549926,157,157,3.36,10,10,0,4.61,1,1.25
2.554931,177,177,3.3,10,10,0,4.61,1,1.31
2.559936,133,133,3.38,8,8,0,5.37,1,1.99
2.564941,132,132,3.25,8,8,0,5.37,1,2.12
2.569946,207,207,3.02,10,10,0,4.63,1,1.61
2.574951,237,237,2.98,10,10,0,4.63,1,1.65
2.579956,174,174,3.06,8,8,0,5.39,1,2.33
2.58496,148,148,3.01,8,8,0,5.39,1,2.38
2.589965,201,201,2.81,10,10,0,4.65,1,1.84
2.59497,227,227,2.76,10,10,0,4.65,1,1.89
2.599975,174,174,2.83,10,8,0,5.41,1,2.58
2.60498,155,155,2.77,10,8,0,5.41,1,2.64
2.609985,206,206,2.66,12,10,0,5.05,1,2.39
2.61499,221,221,2.59,12,10,0,5.05,1,2.46
2.619995,192,192,2.75,10,8,0,5.81,1,3.06
2.625,164,164,2.76,10,8,0,5.81,1,3.05
2.629882,210,210,2.64,12,12,0,5.07,1,2.43
2.634887,228,228,2.62,12,12,0,5.07,1,2.45
2.639892,171,171,2.69,10,10,0,6.21,1,3.52
2.644897,152,152,2.74,10,10,0,6.21,1,3.47
2.649902,216,216,2.69,10,12,0,5.47,1,2.78
2.654907,223,223,2.69,10,12,0,5.47,1,2.78
2.659912,165,165,2.84,10,10,0,5.86,1,3.02
2.664917,148,148,2.91,10,10,0,5.86,1,2.95
2.669921,167,167,2.86,12,12,0,5.5,1,2.64
2.674926,181,181,2.85,12,12,0,5.5,1,2.65
2.679931,156,156,2.98,10,10,0,6.26,1,3.28
2.684936,143,143,3.05,10,10,0,6.26,1,3.21
2.689941,194,194,2.97,10,12,0,5.52,1,2.55
2.694946,212,212,2.97,10,12,0,5.52,1,2.55
2.699951,161,161,3.08,10,10,0,5.91,1,2.83
2.704956,151,151,3.11,10,10,0,5.91,1,2.8
2.70996,181,181,3.09,12,10,0,5.55,1,2.46
2.714965,195,195,3.02,12,10,0,5.55,1,2.53
2.71997,171,171,3.18,10,10,0,5.93,1,2.75
2.724975,151,151,3.22,10,10,0,5.93,1,2.71
2.72998,173,173,3.17,12,10,0,5.57,1,2.4
2.734985,185,185,3.15,12,10,0,5.57,1,2.42
2.73999,161,161,3.27,10,10,0,5.96,1,2.69
2.744995,148,148,3.25,10,10,0,5.96,1,2.71
2.75,179,179,3.15,12,10,0,5.6,1,2.45
2.754882,196,196,3.07,12,10,0,5.6,1,2.53
2.759887,171,171,3.24,10,10,0,5.98,1,2.74
2.764892,139,139,3.31,10,10,0,5.98,1,2.67
2.769897,147,147,3.21,12,12,0,5.62,1,2.41
2.774902,157,157,3.25,12,12,0,5.62,1,2.37
2.779907,122,122,3.43,10,10,0,6.38,1,2.95
2.784912,100,100,3.53,10,10,0,6.38,1,2.85
2.789917,152,152,3.59,12,10,0,5.65,1,2.06
2.794921,163,163,3.58,12,10,0,5.65,1,2.07
2.799926,123,123,3.69,8,8,0,6.04,1,2.35
2.804931,132,132,3.67,8,8,0,6.04,1,2.37
2.809936,178,178,3.45,10,10,0,4.93,1,1.48
2.814941,208,208,3.43,10,10,0,4.93,1,1.5
2.819946,125,125,3.57,8,8,0,5.69,1,2.12
2.824951,101,101,3.5,8,8,0,5.69,1,2.19
2.829956,160,160,3.57,10,10,0,4.95,1,1.38
2.83496,167,167,3.47,10,10,0,4.95,1,1.48
2.839965,129,129,3.47,8,8,0,5.71,1,2.24
2.84497,134,134,3.45,8,8,0,5.71,1,2.26
2.849975,192,192,3.32,10,10,0,4.97,1,1.65
2.85498,210,210,3.2,10,10,0,4.97,1,1.77
2.859985,166,166,3.33,8,8,0,5.73,1,2.4
2.86499,144,144,3.31,8,8,0,5.73,1,2.42
2.869995,198,198,3.2,10,10,0,4.99,1,1.79
2.875,218,218,3.06,10,10,0,4.99,1,1.93
2.879882,177,177,3.11,10,8,0,5.75,1,2.64
2.884887,168,168,3.1,10,8,0,5.75,1,2.65
2.889892,212,212,2.88,10,10,0,5.39,1,2.51
2.894897,230,230,2.8,10,10,0,5.39,1,2.59
2.899902,202,202,2.95,10,10,0,5.77,1,2.82
2.904907,173,173,2.96,10,10,0,5.77,1,2.81
2.909912,194,194,2.82,12,12,0,5.78,1,2.96
2.914917,212,212,2.8,12,12,0,5.78,1,2.98
2.919921,207,207,2.88,10,10,0,6.54,1,3.66
2.924926,183,183,2.99,10,10,0,6.54,1,3.55
2.929931,212,212,2.83,12,12,0,5.81,1,2.98
2.934936,225,225,2.95,12,12,0,5.81,1,2.86
2.939941,154,154,3.12,12,12,0,6.57,1,3.45
2.944946,139,139,3.17,12,12,0,6.57,1,3.4
2.949951,190,190,3.22,12,14,0,6.59,1,3.37
2.954956,192,192,3.25,12,14,0,6.59,1,3.34
2.95996,184,184,3.47,10,10,0,6.97,1,3.5
2.964965,161,161,3.51,10,10,0,6.97,1,3.46
2.96997,191,191,3.45,12,14,0,5.87,1,2.42
2.974975,209,209,3.5,12,14,0,5.87,1,2.37
2.97998,124,124,3.68,10,10,0,7,1,3.32
2.984985,98,98,3.77,10,10,0,7,1,3.23
2.98999,162,162,3.91,12,14,0,5.9,1,1.99
2.994995,156,156,3.96,12,14,0,5.9,1,1.94
3,76,76,4.15,10,10,0,7.03,1,2.88
3.004882,68,68,4.2,10,10,0,7.03,1,2.83
3.009887,159,159,4.28,10,10,0,5.92,1,1.64
3.014892,172,172,4.25,10,10,0,5.92,1,1.67
3.019897,113,113,4.31,8,8,0,5.93,1,1.62
3.024902,123,123,4.31,8,8,0,5.93,1,1.62
3.029907,138,138,4.2,10,10,0,5.2,1,1
3.034912,163,163,4.11,10,10,0,5.2,1,1.09
3.039917,125,125,4.14,8,8,0,5.96,1,1.82
3.044921,117,117,4.08,8,8,0,5.96,1,1.88
3.049926,171,171,4.07,8,8,0,5.22,1,1.15
3.054931,180,180,3.93,8,8,0,5.22,1,1.29
3.059936,139,139,3.96,8,8,0,5.23,1,1.27
3.064941,133,133,3.89,8,8,0,5.23,1,1.34
3.069946,138,138,3.77,10,8,0,5.24,1,1.47
3.074951,154,154,3.64,10,8,0,5.24,1,1.6
3.079956,159,159,3.73,8,8,0,5.62,1,1.89
3.08496,134,134,3.73,8,8,0,5.62,1,1.89
3.089965,154,154,3.66,10,10,0,5.26,1,1.6
3.09497,167,167,3.54,10,10,0,5.26,1,1.72
3.099975,152,152,3.61,10,10,0,6.02,1,2.41
3.10498,141,141,3.6,10,10,0,6.02,1,2.42
3.109985,187,187,3.46,10,10,0,6.03,1,2.57
3.11499,201,201,3.42,10,10,0,6.03,1,2.61
3.119995,198,198,3.6,8,10,0,6.04,1,2.44
3.125,172,172,3.64,8,10,0,6.04,1,2.4
3.129882,166,166,3.43,10,10,0,5.68,1,2.25
3.134887,192,192,3.36,10,10,0,5.68,1,2.32
3.139892,162,162,3.49,10,10,0,6.06,1,2.57
3.144897,130,130,3.54,10,10,0,6.06,1,2.52
3.149902,143,143,3.5,12,12,0,6.08,1,2.58
3.154907,149,149,3.52,12,12,0,6.08,1,2.56
3.159912,146,146,3.67,10,8,0,6.84,1,3.17
3.164917,140,140,3.68,10,8,0,6.84,1,3.16
3.169921,201,201,3.57,10,10,0,5.73,1,2.16
3.174926,220,220,3.53,10,10,0,5.73,1,2.2
3.179931,132,132,3.77,8,8,0,6.11,1,2.34
3.184936,90,90,3.8,8,8,0,6.11,1,2.31
3.189941,115,115,3.89,10,10,0,5.38,1,1.49
3.194946,120,120,3.89,10,10,0,5.38,1,1.49
3.199951,78,78,3.96,8,8,0,6.14,1,2.18
3.204956,87,87,3.94,8,8,0,6.14,1,2.2
3.20996,152,152,3.98,8,8,0,5.4,1,1.42
3.214965,157,157,3.96,8,8,0,5.4,1,1.44
3.21997,107,107,4.08,8,8,0,5.41,1,1.33
3.224975,100,100,4.13,8,8,0,5.41,1,1.28
3.22998,108,108,4.01,8,8,0,5.42,1,1.41
3.234985,133,133,3.89,8,8,0,5.42,1,1.53
3.23999,146,146,3.98,8,8,0,5.43,1,1.45
3.244995,129,129,3.94,8,8,0,5.43,1,1.49
3.25,132,132,3.8,10,8,0,5.44,1,1.64
3.254882,151,151,3.78,10,8,0,5.44,1,1.66
3.259887,152,152,3.84,8,8,0,5.82,1,1.98
3.264892,142,142,3.82,8,8,0,5.82,1,2
3.269897,169,169,3.7,8,10,0,5.46,1,1.76
3.274902,183,183,3.62,8,10,0,5.46,1,1.84
3.279907,158,158,3.74,8,8,0,5.84,1,2.1
3.284912,138,138,3.71,8,8,0,5.84,1,2.13
3.289917,165,165,3.61,10,10,0,5.48,1,1.87
3.294921,180,180,3.51,10,10,0,5.48,1,1.97
3.299926,157,157,3.65,8,8,0,6.24,1,2.59
3.304931,133,133,3.62,8,8,0,6.24,1,2.62
3.309936,181,181,3.53,10,10,0,5.5,1,1.97
3.314941,194,194,3.46,10,10,0,5.5,1,2.04
3.319946,144,144,3.57,8,8,0,6.26,1,2.69
3.324951,126,126,3.61,8,8,0,6.26,1,2.65
3.329956,177,177,3.51,10,8,0,5.52,1,2.01
3.33496,193,193,3.43,10,8,0,5.52,1,2.09
3.339965,145,145,3.62,8,8,0,5.91,1,2.29
3.34497,122,122,3.65,8,8,0,5.91,1,2.26
3.349975,144,144,3.57,10,12,0,5.54,1,1.97
3.35498,160,160,3.49,10,12,0,5.54,1,2.05
3.359985,141,141,3.62,8,10,0,6.67,1,3.05
3.36499,123,123,3.68,8,10,0,6.67,1,2.99
3.369995,193,193,3.63,10,10,0,5.94,1,2.31
3.375,203,203,3.65,10,10,0,5.94,1,2.29
3.379882,151,151,3.81,10,8,0,6.32,1,2.51
3.384887,137,137,3.79,10,8,0,6.32,1,2.53
3.389892,174,174,3.77,10,10,0,5.96,1,2.19
3.394897,191,191,3.69,10,10,0,5.96,1,2.27
3.399902,172,172,3.83,8,10,0,6.35,1,2.52
3.404907,150,150,3.84,8,10,0,6.35,1,2.51
3.409912,166,166,3.81,12,10,0,5.98,1,2.17
3.414917,175,175,3.72,12,10,0,5.98,1,2.26
3.419921,154,154,3.86,10,8,0,6.74,1,2.88
3.424926,134,134,3.9,10,8,0,6.74,1,2.84
3.429931,176,176,3.88,12,12,0,6.01,1,2.13
3.434936,186,186,3.84,12,12,0,6.01,1,2.17
3.439941,138,138,3.96,8,8,0,7.14,1,3.18
3.444946,126,126,3.98,8,8,0,7.14,1,3.16
3.449951,200,200,3.91,10,10,0,5.66,1,1.75
3.454956,211,211,3.89,10,10,0,5.66,1,1.77
3.45996,105,105,4.07,8,10,0,6.42,1,2.35
3.464965,92,92,4.06,8,10,0,6.42,1,2.36
3.46997,152,152,4.01,10,10,0,6.06,1,2.05
3.474975,170,170,3.92,10,10,0,6.06,1,2.14
3.47998,151,151,4.05,8,8,0,6.44,1,2.39
3.484985,130,130,4.09,8,8,0,6.44,1,2.35
3.48999,153,153,3.98,10,10,0,5.7,1,1.72
3.494995,172,172,3.99,10,10,0,5.7,1,1.71
3.5,123,123,4.16,8,8,0,6.46,1,2.3
3.504882,110,110,4.1,8,8,0,6.46,1,2.36
3.509887,173,173,4.08,10,10,0,5.73,1,1.65
3.514892,186,186,4.02,10,10,0,5.73,1,1.71
3.519897,132,132,4.12,8,8,0,6.48,1,2.36
3.524902,111,111,4.12,8,8,0,6.48,1,2.36
3.529907,166,166,4.09,10,10,0,5.75,1,1.66
3.534912,178,178,4.01,10,10,0,5.75,1,1.74
3.539917,132,132,4.16,8,8,0,6.5,1,2.34
3.544921,118,118,4.12,8,8,0,6.5,1,2.38
3.549926,179,179,3.98,10,10,0,5.77,1,1.79
3.554931,200,200,3.87,10,10,0,5.77,1,1.9
3.559936,149,149,3.99,10,8,0,6.53,1,2.54
3.564941,127,127,4.02,10,8,0,6.53,1,2.51
3.569946,176,176,3.93,10,8,0,6.16,1,2.23
3.574951,193,193,3.9,10,8,0,6.16,1,2.26
3.579956,169,169,4.06,10,8,0,6.18,1,2.12
3.58496,148,148,4.02,10,8,0,6.18,1,2.16
3.589965,150,150,3.84,10,10,0,6.19,1,2.35
3.59497,174,174,3.75,10,10,0,6.19,1,2.44
3.599975,176,176,3.83,8,8,0,6.57,1,2.74
3.60498,154,154,3.89,8,8,0,6.57,1,2.68
3.609985,160,160,3.97,12,12,0,5.83,1,1.86
3.61499,152,152,3.96,12,12,0,5.83,1,1.87
3.619995,94,94,4.17,8,10,0,7.34,1,3.17
3.625,74,74,4.19,8,10,0,7.34,1,3.15
3.629882,181,181,4.35,10,10,0,6.23,1,1.88
3.634887,183,183,4.3,10,10,0,6.23,1,1.93
3.639892,118,118,4.33,10,8,0,6.62,1,2.29
3.644897,131,131,4.4,10,8,0,6.62,1,2.22
3.649902,162,162,4.3,8,8,0,6.26,1,1.96
3.654907,180,180,4.23,8,8,0,6.26,1,2.03
3.659912,155,155,4.44,8,8,0,5.89,1,1.45
3.664917,123,123,4.43,8,8,0,5.89,1,1.46
3.669921,100,100,4.36,10,10,0,5.9,1,1.54
3.674926,118,118,4.31,10,10,0,5.9,1,1.59
3.679931,125,125,4.34,8,8,0,6.66,1,2.32
3.684936,122,122,4.31,8,8,0,6.66,1,2.35
3.689941,173,173,4.27,10,10,0,5.92,1,1.65
3.694946,181,181,4.22,10,10,0,5.92,1,1.7
3.699951,128,128,4.33,8,8,0,6.68,1,2.35
3.704956,107,107,4.35,8,8,0,6.68,1,2.33
3.70996,155,155,4.3,8,10,0,5.95,1,1.65
3.714965,168,168,4.25,8,10,0,5.95,1,1.7
3.71997,123,123,4.34,8,8,0,6.33,1,1.99
3.724975,114,114,4.34,8,8,0,6.33,1,1.99
3.72998,136,136,4.35,10,8,0,5.97,1,1.62
3.734985,145,145,4.24,10,8,0,5.97,1,1.73
3.73999,128,128,4.34,8,6,0,6.35,1,2.01
3.744995,111,111,4.33,8,6,0,6.35,1,2.02
3.75,137,137,4.36,8,8,0,5.61,1,1.25
3.754882,146,146,4.19,8,8,0,5.61,1,1.42
3.759887,113,113,4.29,8,8,0,5.99,1,1.7
3.764892,98,98,4.33,8,8,0,5.99,1,1.66
3.769897,114,114,4.32,8,8,0,6,1,1.68
3.774902,120,120,4.23,8,8,0,6,1,1.77
3.779907,128,128,4.31,8,6,0,6.01,1,1.7
3.784912,117,117,4.36,8,6,0,6.01,1,1.65
3.789917,112,112,4.31,8,8,0,5.65,1,1.34
3.794921,124,124,4.23,8,8,0,5.65,1,1.42
3.799926,107,107,4.33,8,6,0,6.03,1,1.7
3.804931,96,96,4.3,8,6,0,6.03,1,1.73
3.809936,119,119,4.27,8,8,0,5.67,1,1.4
3.814941,126,126,4.25,8,8,0,5.67,1,1.42
3.819946,103,103,4.35,8,6,0,6.05,1,1.7
3.824951,94,94,4.35,8,6,0,6.05,1,1.7
3.829956,121,121,4.3,8,8,0,5.69,1,1.39
3.83496,132,132,4.2,8,8,0,5.69,1,1.49
3.839965,118,118,4.23,6,8,0,6.07,1,1.84
3.84497,116,116,4.21,6,8,0,6.07,1,1.86
3.849975,144,144,4.18,6,8,0,5.7,1,1.52
3.85498,153,153,4.04,6,8,0,5.7,1,1.66
3.859985,136,136,4.16,6,6,0,5.71,1,1.55
3.86499,116,116,4.17,6,6,0,5.71,1,1.54
3.869995,109,109,4.07,10,8,0,5.35,1,1.28
3.875,126,126,3.99,10,8,0,5.35,1,1.36
3.879882,101,101,4.16,8,6,0,6.48,1,2.32
3.884887,68,68,4.18,8,6,0,6.48,1,2.3
3.889892,137,137,4.29,8,8,0,5.74,1,1.45
3.894897,139,139,4.19,8,8,0,5.74,1,1.55
3.899902,103,103,4.19,6,6,0,6.12,1,1.93
3.904907,109,109,4.24,6,6,0,6.12,1,1.88
3.909912,128,128,4.15,8,8,0,5.38,1,1.23
3.914917,137,137,4.11,8,8,0,5.38,1,1.27
3.919921,83,83,4.28,6,6,0,6.14,1,1.86
3.924926,57,57,4.29,6,6,0,6.14,1,1.85
3.929931,109,109,4.33,6,6,0,5.4,1,1.07
3.934936,120,120,4.27,6,6,0,5.4,1,1.13
3.939941,80,80,4.32,6,6,0,5.41,1,1.09
3.944946,74,74,4.37,6,6,0,5.41,1,1.04
3.949951,65,65,4.4,8,6,0,5.41,1,1.01
3.954956,71,71,4.32,8,6,0,5.41,1,1.09
3.95996,80,80,4.41,6,6,0,5.79,1,1.38
3.964965,70,70,4.4,6,6,0,5.79,1,1.39
3.96997,97,97,4.39,6,6,0,5.43,1,1.04
3.974975,108,108,4.26,6,6,0,5.43,1,1.17
3.97998,93,93,4.36,6,4,0,5.44,1,1.08
3.984985,76,76,4.4,6,4,0,5.44,1,1.04
3.98999,71,71,4.35,6,6,0,5.07,1,0.720000000000001
3.994995,87,87,4.21,6,6,0,5.07,1,0.86
4,73,73,4.31,6,4,0,5.45,1,1.14
4.004882,53,53,4.34,6,4,0,5.45,1,1.11
4.009887,68,68,4.37,6,6,0,5.08,1,0.71
4.014892,75,75,4.27,6,6,0,5.08,1,0.81
4.019897,61,61,4.33,4,6,0,5.46,1,1.13
4.024902,54,54,4.39,4,6,0,5.46,1,1.07
4.029907,75,75,4.37,4,4,0,5.1,1,0.73
4.034912,86,86,4.3,4,4,0,5.1,1,0.8
4.039917,69,69,4.39,4,4,0,4.73,1,0.340000000000001
4.044921,57,57,4.41,4,4,0,4.73,1,0.32
4.049926,30,30,4.37,6,4,0,4.73,1,0.36
4.054931,43,43,4.23,6,4,0,4.73,1,0.5
4.059936,55,55,4.33,4,4,0,5.11,1,0.78
4.064941,37,37,4.34,4,4,0,5.11,1,0.77
4.069946,58,58,4.35,4,4,0,4.74,1,0.390000000000001
4.074951,67,67,4.23,4,4,0,4.74,1,0.51
4.079956,57,57,4.27,4,4,0,4.75,1,0.48
4.08496,52,52,4.25,4,4,0,4.75,1,0.5
4.089965,54,54,4.22,4,4,0,4.75,1,0.53
4.09497,63,63,4.1,4,4,0,4.75,1,0.65
4.099975,66,66,4.14,4,4,0,4.76,1,0.62
4.10498,65,65,4.15,4,4,0,4.76,1,0.609999999999999
4.109985,79,79,4.06,4,6,0,4.76,1,0.7
4.11499,86,86,3.94,4,6,0,4.76,1,0.82
4.119995,67,67,4.03,4,4,0,5.14,1,1.11
4.125,89,89,4.04,4,4,0,5.14,1,1.1
4.129882,102,102,3.98,4,4,0,4.77,1,0.79
4.134887,84,84,3.83,4,4,0,4.77,1,0.94
4.139892,59,59,3.94,4,2,0,4.78,1,0.84
4.144897,49,49,3.95,4,2,0,4.78,1,0.83
4.149902,55,55,3.97,4,6,0,4.41,1,0.44
4.154907,40,40,3.86,4,6,0,4.41,1,0.55
4.159912,30,30,3.89,4,2,0,5.16,1,1.27
4.164917,71,71,3.94,4,2,0,5.16,1,1.22
4.169921,70,70,4.02,4,6,0,4.42,1,0.4
4.174926,34,34,3.96,4,6,0,4.42,1,0.46
4.179931,42,42,3.97,4,4,0,5.17,1,1.2
4.184936,100,100,3.96,4,4,0,5.17,1,1.21
4.189941,106,106,3.94,2,4,0,4.8,1,0.86
4.194946,91,91,3.87,2,4,0,4.8,1,0.93
4.199951,91,91,3.9,4,4,0,4.43,1,0.53
4.204956,72,72,3.89,4,4,0,4.43,1,0.54
4.20996,92,92,3.75,4,4,0,4.81,1,1.06
4.214965,127,127,3.55,4,4,0,4.81,1,1.26
4.21997,93,93,3.7,4,4,0,4.82,1,1.12
4.224975,83,83,3.7,4,4,0,4.82,1,1.12
4.22998,94,94,3.65,6,4,0,4.82,1,1.17
4.234985,94,94,3.55,6,4,0,4.82,1,1.27
4.23999,74,74,3.64,6,4,0,5.2,1,1.56
4.244995,74,74,3.69,6,4,0,5.2,1,1.51
4.25,78,78,3.77,6,6,0,5.2,1,1.43
4.254882,78,78,3.74,6,6,0,5.2,1,1.46
4.259887,79,79,3.78,4,4,0,5.58,1,1.8
4.264892,79,79,3.84,4,4,0,5.58,1,1.74
4.269897,98,98,3.82,6,6,0,4.84,1,1.02
4.274902,101,101,3.81,6,6,0,4.84,1,1.03
4.279907,49,49,3.97,6,4,0,5.6,1,1.63
4.284912,28,28,4.01,6,4,0,5.6,1,1.59
4.289917,76,76,4.12,6,4,0,5.23,1,1.11
4.294921,79,79,4.13,6,4,0,5.23,1,1.1
4.299926,65,65,4.12,4,6,0,5.24,1,1.12
4.304931,80,80,4.08,4,6,0,5.24,1,1.16
4.309936,94,94,4.07,4,6,0,5.24,1,1.17
4.314941,97,97,4.01,4,6,0,5.24,1,1.23
4.319946,94,94,4.13,4,4,0,5.25,1,1.12
4.324951,79,79,4.16,4,4,0,5.25,1,1.09
4.329956,83,83,4.11,6,4,0,4.88,1,0.77
4.33496,99,99,3.98,6,4,0,4.88,1,0.9
4.339965,86,86,4.08,4,4,0,5.26,1,1.18
4.34497,66,66,4.11,4,4,0,5.26,1,1.15
4.349975,81,81,4.14,6,4,0,4.89,1,0.75
4.35498,85,85,4.04,6,4,0,4.89,1,0.85
4.359985,67,67,4.1,6,6,0,5.27,1,1.17
4.36499,55,55,4.16,6,6,0,5.27,1,1.11
4.369995,71,71,4.19,4,4,0,5.65,1,1.46
4.375,76,76,4.16,4,4,0,5.65,1,1.49
4.379882,109,109,4.25,4,4,0,4.91,1,0.66
4.384887,101,101,4.26,4,4,0,4.91,1,0.65
4.389892,50,50,4.12,4,6,0,4.91,1,0.79
4.394897,71,71,3.98,4,6,0,4.91,1,0.93
4.399902,80,80,4.14,4,4,0,5.29,1,1.15
4.404907,50,50,4.15,4,4,0,5.29,1,1.14
4.409912,65,65,4.2,4,6,0,4.92,1,0.72
4.414917,69,69,4.15,4,6,0,4.92,1,0.77
4.419921,51,51,4.2,4,4,0,5.3,1,1.1
4.424926,51,51,4.22,4,4,0,5.3,1,1.08
4.429931,78,78,4.24,6,6,0,4.94,1,0.7
4.434936,86,86,4.15,6,6,0,4.94,1,0.79
4.439941,73,73,4.19,4,4,0,5.69,1,1.5
4.444946,71,71,4.18,4,4,0,5.69,1,1.51
4.449951,127,127,4.18,4,4,0,4.95,1,0.77
4.454956,136,136,4.08,4,4,0,4.95,1,0.87
4.45996,95,95,4.13,4,4,0,4.95,1,0.82
4.464965,88,88,4.12,4,4,0,4.95,1,0.83
4.46997,88,88,4.06,6,4,0,4.96,1,0.9
4.474975,102,102,3.97,6,4,0,4.96,1,0.99
4.47998,110,110,4.01,4,4,0,5.34,1,1.33
4.484985,100,100,4,4,4,0,5.34,1,1.34
4.48999,123,123,3.87,6,6,0,4.97,1,1.1
4.494995,141,141,3.75,6,6,0,4.97,1,1.22
4.5,120,120,3.84,6,4,0,5.72,1,1.88
4.504882,92,92,3.82,6,4,0,5.72,1,1.9
4.509887,132,132,3.88,6,6,0,5.35,1,1.47
4.514892,135,135,3.74,6,6,0,5.35,1,1.61
4.519897,123,123,3.83,6,6,0,5.73,1,1.9
4.524902,106,106,3.84,6,6,0,5.73,1,1.89
4.529907,121,121,3.86,6,6,0,5.74,1,1.88
4.534912,124,124,3.77,6,6,0,5.74,1,1.97
4.539917,128,128,3.9,6,6,0,5.75,1,1.85
4.544921,106,106,3.99,6,6,0,5.75,1,1.76
4.549926,92,92,4.01,8,8,0,5.76,1,1.75
4.554931,99,99,3.92,8,8,0,5.76,1,1.84
4.559936,111,111,4.06,6,6,0,6.51,1,2.45
4.564941,90,90,4.13,6,6,0,6.51,1,2.38
4.569946,132,132,4.13,6,6,0,5.77,1,1.64
4.574951,142,142,4.07,6,6,0,5.77,1,1.7
4.579956,96,96,4.22,6,6,0,5.78,1,1.56
4.58496,72,72,4.29,6,6,0,5.78,1,1.49
4.589965,62,62,4.32,6,6,0,5.79,1,1.47
4.59497,70,70,4.29,6,6,0,5.79,1,1.5
4.599975,79,79,4.41,6,6,0,5.79,1,1.38
4.60498,65,65,4.47,6,6,0,5.79,1,1.32
4.609985,59,59,4.52,6,6,0,5.8,1,1.28
4.61499,65,65,4.4,6,6,0,5.8,1,1.4
4.619995,85,85,4.49,6,6,0,5.81,1,1.32
4.625,82,82,4.52,6,6,0,5.81,1,1.29
4.629882,78,78,4.55,6,6,0,5.82,1,1.27
4.634887,83,83,4.49,6,6,0,5.82,1,1.33
4.639892,89,89,4.6,4,4,0,5.82,1,1.22
4.644897,78,78,4.59,4,4,0,5.82,1,1.23
4.649902,82,82,4.52,6,6,0,5.08,1,0.56
4.654907,99,99,4.37,6,6,0,5.08,1,0.71
4.659912,57,57,4.52,6,6,0,5.83,1,1.31
4.664917,32,32,4.54,6,6,0,5.83,1,1.29
4.669921,78,78,4.62,6,6,0,5.84,1,1.22
4.674926,84,84,4.58,6,6,0,5.84,1,1.26
4.679931,100,100,4.54,4,4,0,5.85,1,1.31
4.684936,117,117,4.52,4,4,0,5.85,1,1.33
4.689941,123,123,4.37,6,4,0,5.11,1,0.74
4.694946,136,136,4.24,6,4,0,5.11,1,0.87
4.699951,82,82,4.4,4,6,0,5.49,1,1.09
4.704956,52,52,4.41,4,6,0,5.49,1,1.08
4.70996,73,73,4.44,6,6,0,5.49,1,1.05
4.714965,82,82,4.36,6,6,0,5.49,1,1.13
4.71997,95,95,4.37,6,4,0,5.87,1,1.5
4.724975,90,90,4.4,6,4,0,5.87,1,1.47
4.72998,109,109,4.39,6,6,0,5.51,1,1.12
4.734985,115,115,4.25,6,6,0,5.51,1,1.26
4.73999,99,99,4.36,4,4,0,5.89,1,1.53
4.744995,78,78,4.39,4,4,0,5.89,1,1.5
4.75,96,96,4.35,6,6,0,5.15,1,0.800000000000001
4.754882,108,108,4.22,6,6,0,5.15,1,0.930000000000001
4.759887,63,63,4.35,4,6,0,5.9,1,1.55
4.764892,39,39,4.38,4,6,0,5.9,1,1.52
4.769897,82,82,4.45,6,6,0,5.53,1,1.08
4.774902,84,84,4.43,6,6,0,5.53,1,1.1
4.779907,69,69,4.46,4,4,0,5.91,1,1.45
4.784912,72,72,4.49,4,4,0,5.91,1,1.42
4.789917,101,101,4.47,6,6,0,5.17,1,0.7
4.794921,107,107,4.38,6,6,0,5.17,1,0.79
4.799926,60,60,4.5,4,4,0,5.92,1,1.42
4.804931,45,45,4.52,4,4,0,5.92,1,1.4
4.809936,96,96,4.48,4,6,0,5.18,1,0.699999999999999
4.814941,111,111,4.41,4,6,0,5.18,1,0.77
4.819946,65,65,4.48,4,4,0,5.56,1,1.08
4.824951,54,54,4.51,4,4,0,5.56,1,1.05
4.829956,78,78,4.5,6,4,0,5.19,1,0.69
4.83496,88,88,4.39,6,4,0,5.19,1,0.800000000000001
4.839965,75,75,4.44,4,4,0,5.57,1,1.13
4.84497,68,68,4.44,4,4,0,5.57,1,1.13
4.849975,92,92,4.41,6,6,0,5.2,1,0.79
4.85498,100,100,4.28,6,6,0,5.2,1,0.92
4.859985,85,85,4.36,4,2,0,5.96,1,1.6
4.86499,69,69,4.35,4,2,0,5.96,1,1.61
4.869995,120,120,4.33,6,6,0,4.84,1,0.51
4.875,130,130,4.15,6,6,0,4.84,1,0.69
4.879882,67,67,4.2,4,4,0,5.97,1,1.77
4.884887,50,50,4.24,4,4,0,5.97,1,1.73
4.889892,115,115,4.3,4,4,0,5.23,1,0.930000000000001
4.894897,116,116,4.21,4,4,0,5.23,1,1.02
4.899902,76,76,4.25,4,4,0,5.23,1,0.98
4.904907,72,72,4.31,4,4,0,5.23,1,0.920000000000001
4.909912,65,65,4.28,6,6,0,5.24,1,0.96
4.914917,71,71,4.17,6,6,0,5.24,1,1.07
4.919921,78,78,4.29,4,4,0,5.99,1,1.7
4.924926,58,58,4.32,4,4,0,5.99,1,1.67
4.929931,102,102,4.3,4,6,0,5.25,1,0.95
4.934936,110,110,4.21,4,6,0,5.25,1,1.04
4.939941,67,67,4.28,4,4,0,5.63,1,1.35
4.944946,49,49,4.34,4,4,0,5.63,1,1.29
4.949951,63,63,4.37,4,4,0,5.26,1,0.89
4.954956,66,66,4.25,4,4,0,5.26,1,1.01
4.95996,52,52,4.34,2,2,0,5.26,1,0.92
4.964965,39,39,4.38,2,2,0,5.26,1,0.88
4.96997,33,33,4.43,4,6,0,4.52,1,0.0899999999999999
4.974975,35,35,4.37,4,6,0,4.52,1,0.149999999999999
4.97998,-8,-8,4.47,4,4,0,5.65,1,1.18
4.984985,-19,-19,4.56,4,4,0,5.65,1,1.09
4.98999,52,52,4.57,4,2,0,5.28,1,0.71
4.994995,66,66,4.6,4,2,0,5.28,1,0.680000000000001
5,57,57,4.5,2,2,0,4.91,1,0.41
5.004882,83,83,4.38,2,2,0,4.91,1,0.53
5.009887,77,77,4.34,2,4,0,4.54,1,0.2
5.014892,76,76,4.22,2,4,0,4.54,1,0.32
5.019897,45,45,4.32,2,2,0,4.91,1,0.59
5.024902,27,27,4.34,2,2,0,4.91,1,0.57
5.029907,53,53,4.23,2,4,0,4.54,1,0.31
5.034912,71,71,4.11,2,4,0,4.54,1,0.43
5.039917,55,55,4.15,2,2,0,4.92,1,0.77
5.044921,40,40,4.18,2,2,0,4.92,1,0.74
5.049926,58,58,4.18,4,2,0,4.55,1,0.37
5.054931,63,63,4.03,4,2,0,4.55,1,0.52
5.059936,50,50,4.08,2,2,0,4.93,1,0.85
5.064941,38,38,4.1,2,2,0,4.93,1,0.83
5.069946,55,55,4.12,2,4,0,4.56,1,0.44
5.074951,57,57,4,2,4,0,4.56,1,0.56
5.079956,41,41,4.06,2,2,0,4.93,1,0.87
5.08496,31,31,4.09,2,2,0,4.93,1,0.84
5.089965,50,50,4.11,2,2,0,4.56,1,0.449999999999999
5.09497,53,53,4.04,2,2,0,4.56,1,0.52
5.099975,36,36,4.09,2,2,0,4.56,1,0.47
5.10498,30,30,4.13,2,2,0,4.56,1,0.43
5.109985,25,25,4.12,2,2,0,4.57,1,0.45
5.11499,32,32,4.02,2,2,0,4.57,1,0.550000000000001
5.119995,44,44,4.06,2,2,0,4.57,1,0.510000000000001
5.125,36,36,4.1,2,2,0,4.57,1,0.470000000000001
5.129882,30,30,4.07,2,2,0,4.57,1,0.5
5.134887,36,36,3.98,2,2,0,4.57,1,0.59
5.139892,43,43,4.06,2,2,0,4.57,1,0.510000000000001
5.144897,29,29,4.1,2,2,0,4.57,1,0.470000000000001
5.149902,23,23,4.1,2,2,0,4.58,1,0.48
5.154907,30,30,4,2,2,0,4.58,1,0.58
5.159912,39,39,4.06,2,2,0,4.58,1,0.52
5.164917,26,26,4.14,2,2,0,4.58,1,0.44
5.169921,15,15,4.16,4,2,0,4.58,1,0.42
5.174926,18,18,4.09,4,2,0,4.58,1,0.49
5.179931,29,29,4.14,2,2,0,4.96,1,0.82
5.184936,22,22,4.17,2,2,0,4.96,1,0.79
5.189941,42,42,4.19,2,2,0,4.59,1,0.399999999999999
5.194946,45,45,4.14,2,2,0,4.59,1,0.45
5.199951,29,29,4.16,2,2,0,4.59,1,0.43
5.204956,27,27,4.17,2,2,0,4.59,1,0.42
5.20996,27,27,4.17,2,2,0,4.59,1,0.42
5.214965,30,30,4.11,2,2,0,4.59,1,0.48
5.21997,37,37,4.15,0,2,0,4.59,1,0.44
5.224975,32,32,4.16,0,2,0,4.59,1,0.43
5.22998,32,32,4.11,2,2,0,4.22,1,0.109999999999999
5.234985,40,40,4.02,2,2,0,4.22,1,0.2
5.23999,21,21,4.08,0,2,0,4.6,1,0.52
5.244995,9,9,4.13,0,2,0,4.6,1,0.47
5.25,28,28,4.11,2,0,0,4.23,1,0.12
5.254882,37,37,4.04,2,0,0,4.23,1,0.19
5.259887,22,22,4.06,2,0,0,4.23,1,0.170000000000001
5.264892,20,20,4.08,2,0,0,4.23,1,0.15
5.269897,18,18,4.06,2,0,0,4.23,1,0.170000000000001
5.274902,25,25,3.97,2,0,0,4.23,1,0.26
5.279907,34,34,4,0,0,0,4.23,1,0.23
5.284912,30,30,4.02,0,0,0,4.23,1,0.210000000000001
5.289917,27,27,3.98,0,0,0,3.86,1,-0.12
5.294921,35,35,3.88,0,0,0,3.86,1,-0.02
5.299926,17,17,3.92,0,0,0,3.86,1,-0.0600000000000001
5.304931,7,7,3.94,0,0,0,3.86,1,-0.0800000000000001
5.309936,2,2,3.9,0,2,0,3.86,1,-0.04
5.314941,12,12,3.82,0,2,0,3.86,1,0.04
5.319946,25,25,3.82,0,0,0,4.23,1,0.410000000000001
5.324951,25,25,3.8,0,0,0,4.23,1,0.430000000000001
5.329956,51,51,3.76,2,0,0,3.86,1,0.1
5.33496,57,57,3.66,2,0,0,3.86,1,0.2
5.339965,39,39,3.68,0,0,0,4.23,1,0.55
5.34497,33,33,3.68,0,0,0,4.23,1,0.55
5.349975,56,56,3.62,2,2,0,3.86,1,0.24
5.35498,63,63,3.5,2,2,0,3.86,1,0.36
5.359985,43,43,3.57,0,0,0,4.61,1,1.04
5.36499,27,27,3.61,0,0,0,4.61,1,1
5.369995,73,73,3.55,0,2,0,3.86,1,0.31
5.375,84,84,3.44,0,2,0,3.86,1,0.42
5.379882,41,41,3.51,2,0,0,4.24,1,0.73
5.384887,25,25,3.55,2,0,0,4.24,1,0.69
5.389892,42,42,3.53,2,2,0,4.24,1,0.71
5.394897,48,48,3.43,2,2,0,4.24,1,0.81
5.399902,57,57,3.5,0,0,0,4.61,1,1.11
5.404907,42,42,3.53,0,0,0,4.61,1,1.08
5.409912,61,61,3.5,2,2,0,3.87,1,0.37
5.414917,69,69,3.35,2,2,0,3.87,1,0.52
5.419921,26,26,3.47,2,2,0,4.61,1,1.14
5.424926,1,1,3.56,2,2,0,4.61,1,1.05
5.429931,36,36,3.62,2,2,0,4.62,1,1
5.434936,37,37,3.6,2,2,0,4.62,1,1.02
5.439941,50,50,3.62,0,2,0,4.62,1,1
5.444946,50,50,3.67,0,2,0,4.62,1,0.95
5.449951,43,43,3.71,2,2,0,4.25,1,0.54
5.454956,38,38,3.62,2,2,0,4.25,1,0.63
5.45996,16,16,3.74,2,2,0,4.62,1,0.88
5.464965,0,0,3.83,2,2,0,4.62,1,0.79
5.46997,15,15,3.83,2,2,0,4.63,1,0.8
5.474975,24,24,3.8,2,2,0,4.63,1,0.83
5.47998,33,33,3.84,0,2,0,4.63,1,0.79
5.484985,25,25,3.93,0,2,0,4.63,1,0.7
5.48999,15,15,3.98,2,2,0,4.26,1,0.28
5.494995,13,13,3.9,2,2,0,4.26,1,0.36
5.5,-4,-4,3.98,2,2,0,4.63,1,0.65
5.504882,-13,-13,4.07,2,2,0,4.63,1,0.56
5.509887,1,1,4.1,2,0,0,4.63,1,0.53
5.514892,4,4,4.1,2,0,0,4.63,1,0.53
5.519897,16,16,4.09,2,2,0,4.26,1,0.17
5.524902,24,24,4.06,2,2,0,4.26,1,0.2
5.529907,1,1,4.11,0,0,0,4.64,1,0.529999999999999
5.534912,-5,-5,4.1,0,0,0,4.64,1,0.54
5.539917,21,21,4.11,0,0,0,3.89,1,-0.22
5.544921,21,21,4.13,0,0,0,3.89,1,-0.24
5.549926,-32,-32,4.12,2,2,0,3.89,1,-0.23
5.554931,-29,-29,4.08,2,2,0,3.89,1,-0.19
5.559936,-29,-29,4.15,0,0,0,4.64,1,0.489999999999999
5.564941,-41,-41,4.22,0,0,0,4.64,1,0.42
5.569946,5,5,4.16,-2,0,0,3.89,1,-0.27
5.574951,21,21,4.17,-2,0,0,3.89,1,-0.28
5.579956,-25,-25,4.12,0,0,0,3.52,1,-0.6
5.58496,-25,-25,4.13,0,0,0,3.52,1,-0.61
5.589965,-59,-59,4.16,-2,-2,0,3.89,1,-0.27
5.59497,-63,-63,4.18,-2,-2,0,3.89,1,-0.29
5.599975,-40,-40,4.17,-2,0,0,3.14,1,-1.03
5.60498,-41,-41,4.2,-2,0,0,3.14,1,-1.06
5.609985,-97,-97,4.16,-2,-2,0,3.52,1,-0.64
5.61499,-93,-93,4.21,-2,-2,0,3.52,1,-0.69
5.619995,-70,-70,4.24,0,0,0,3.14,1,-1.1
5.625,-77,-77,4.27,0,0,0,3.14,1,-1.13
5.629882,-104,-104,4.2,-2,-2,0,3.89,1,-0.31
5.634887,-92,-92,4.26,-2,-2,0,3.89,1,-0.37
5.639892,-38,-38,4.2,-2,-2,0,3.14,1,-1.06
5.644897,-35,-35,4.32,-2,-2,0,3.14,1,-1.18
5.649902,-98,-98,4.38,-2,-2,0,3.14,1,-1.24
5.654907,-96,-96,4.37,-2,-2,0,3.14,1,-1.23
5.659912,-80,-80,4.31,0,-2,0,3.13,1,-1.18
5.664917,-64,-64,4.26,0,-2,0,3.13,1,-1.13
5.669921,-55,-55,4.16,-4,-2,0,3.51,1,-0.65
5.674926,-46,-46,4.29,-4,-2,0,3.51,1,-0.78
5.679931,-28,-28,4.18,-2,-2,0,2.76,1,-1.42
5.684936,-10,-10,4.07,-2,-2,0,2.76,1,-1.31
5.689941,-44,-44,3.99,-4,-2,0,3.13,1,-0.86
5.694946,-41,-41,3.97,-4,-2,0,3.13,1,-0.84
5.699951,-22,-22,3.93,-2,-2,0,2.75,1,-1.18
5.704956,-23,-23,3.87,-2,-2,0,2.75,1,-1.12
5.70996,-46,-46,3.8,-2,-2,0,3.12,1,-0.68
5.714965,-43,-43,3.81,-2,-2,0,3.12,1,-0.69
5.71997,-22,-22,3.76,-2,-2,0,3.12,1,-0.64
5.724975,-23,-23,3.71,-2,-2,0,3.12,1,-0.59
5.72998,-22,-22,3.71,-2,-2,0,3.12,1,-0.59
5.734985,-26,-26,3.72,-2,-2,0,3.12,1,-0.6
5.73999,-30,-30,3.67,-2,0,0,3.11,1,-0.56
5.744995,-24,-24,3.66,-2,0,0,3.11,1,-0.55
5.75,-25,-25,3.65,0,0,0,3.49,1,-0.16
5.754882,-27,-27,3.7,0,0,0,3.49,1,-0.21
5.759887,-4,-4,3.62,0,-2,0,3.86,1,0.24
5.764892,7,7,3.57,0,-2,0,3.86,1,0.29
5.769897,39,39,3.57,-2,-2,0,3.48,1,-0.0899999999999999
5.774902,32,32,3.58,-2,-2,0,3.48,1,-0.1
5.779907,-2,-2,3.57,0,0,0,3.11,1,-0.46
5.784912,-4,-4,3.57,0,0,0,3.11,1,-0.46
5.789917,-31,-31,3.54,-2,0,0,3.85,1,0.31
5.794921,-31,-31,3.55,-2,0,0,3.85,1,0.3
5.799926,16,16,3.59,0,0,0,3.48,1,-0.11
5.804931,9,9,3.6,0,0,0,3.48,1,-0.12
5.809936,-20,-20,3.66,0,0,0,3.85,1,0.19
5.814941,-25,-25,3.65,0,0,0,3.85,1,0.2
5.819946,3,3,3.68,0,0,0,3.85,1,0.17
5.824951,4,4,3.69,0,0,0,3.85,1,0.16
5.829956,5,5,3.7,0,0,0,3.85,1,0.15
5.83496,5,5,3.71,0,0,0,3.85,1,0.14
5.839965,5,5,3.72,0,0,0,3.85,1,0.13
5.84497,6,6,3.72,0,0,0,3.85,1,0.13
5.849975,8,8,3.74,0,0,0,3.85,1,0.11
5.85498,6,6,3.74,0,0,0,3.85,1,0.11
5.859985,8,8,3.73,0,0,0,3.85,1,0.12
5.86499,11,11,3.72,0,0,0,3.85,1,0.13
5.869995,13,13,3.74,0,0,0,3.85,1,0.11
5.875,11,11,3.73,0,0,0,3.85,1,0.12
5.879882,13,13,3.72,0,0,0,3.85,1,0.13
5.884887,16,16,3.7,0,0,0,3.85,1,0.15
5.889892,19,19,3.72,0,2,0,3.85,1,0.13
5.894897,16,16,3.7,0,2,0,3.85,1,0.15
5.899902,18,18,3.7,0,0,0,4.23,1,0.53
5.904907,22,22,3.67,0,0,0,4.23,1,0.56
5.909912,51,51,3.7,0,0,0,3.85,1,0.15
5.914917,46,46,3.67,0,0,0,3.85,1,0.18
5.919921,23,23,3.66,0,0,0,3.85,1,0.19
5.924926,28,28,3.63,0,0,0,3.85,1,0.22
5.929931,31,31,3.66,2,0,0,3.85,1,0.19
5.934936,26,26,3.63,2,0,0,3.85,1,0.22
5.939941,28,28,3.62,0,0,0,4.23,1,0.61
5.944946,33,33,3.59,0,0,0,4.23,1,0.640000000000001
5.949951,63,63,3.61,0,2,0,3.86,1,0.25
5.954956,58,58,3.58,0,2,0,3.86,1,0.28
5.95996,33,33,3.58,0,0,0,4.23,1,0.65
5.964965,38,38,3.53,0,0,0,4.23,1,0.700000000000001
5.96997,71,71,3.57,2,0,0,3.86,1,0.29
5.974975,64,64,3.54,2,0,0,3.86,1,0.32
5.97998,38,38,3.52,2,0,0,4.23,1,0.71
5.984985,45,45,3.42,2,0,0,4.23,1,0.81
5.98999,81,81,3.45,2,0,0,4.23,1,0.78
5.994995,74,74,3.41,2,0,0,4.23,1,0.82
6,73,73,3.42,0,2,0,4.23,1,0.81
6.004882,73,73,3.4,0,2,0,4.23,1,0.830000000000001
6.009887,72,72,3.35,2,2,0,4.23,1,0.88
6.014892,71,71,3.25,2,2,0,4.23,1,0.98
6.019897,63,63,3.4,2,0,0,4.61,1,1.21
6.024902,33,33,3.46,2,0,0,4.61,1,1.15
6.029907,45,45,3.44,2,4,0,4.24,1,0.8
6.034912,47,47,3.4,2,4,0,4.24,1,0.84
6.039917,18,18,3.57,2,2,0,4.99,1,1.42
6.044921,-7,-7,3.67,2,2,0,4.99,1,1.32
6.049926,35,35,3.73,2,2,0,4.62,1,0.89
6.054931,41,41,3.73,2,2,0,4.62,1,0.89
6.059936,25,25,3.78,0,2,0,4.62,1,0.84
6.064941,21,21,3.89,0,2,0,4.62,1,0.73
6.069946,14,14,3.93,2,2,0,4.25,1,0.32
6.074951,16,16,3.87,2,2,0,4.25,1,0.38
6.079956,0,0,3.94,0,2,0,4.62,1,0.68
6.08496,-6,-6,4.03,0,2,0,4.62,1,0.59
6.089965,10,10,4.04,0,0,0,4.25,1,0.21
6.09497,16,16,4.03,0,0,0,4.25,1,0.22
6.099975,2,2,4.04,0,0,0,3.88,1,-0.16
6.10498,6,6,4.05,0,0,0,3.88,1,-0.17
6.109985,-21,-21,4.08,0,0,0,3.88,1,-0.2
6.11499,-19,-19,4.06,0,0,0,3.88,1,-0.18
6.119995,-11,-11,4.01,0,0,0,3.88,1,-0.13
6.125,-4,-4,4.02,0,0,0,3.88,1,-0.14
6.129882,-4,-4,3.99,0,0,0,3.88,1,-0.11
6.134887,0,0,3.96,0,0,0,3.88,1,-0.0800000000000001
6.139892,4,4,3.92,0,0,0,3.88,1,-0.04
6.144897,5,5,3.91,0,0,0,3.88,1,-0.0300000000000002
6.149902,1,1,3.93,0,0,0,3.88,1,-0.0500000000000003
6.154907,-5,-5,3.91,0,0,0,3.88,1,-0.0300000000000002
6.159912,-4,-4,3.9,0,0,0,3.88,1,-0.02
6.164917,-2,-2,3.9,0,0,0,3.88,1,-0.02
6.169921,-4,-4,3.89,0,0,0,3.88,1,-0.0100000000000002
6.174926,-5,-5,3.9,0,0,0,3.88,1,-0.02
6.179931,-7,-7,3.91,0,0,0,3.88,1,-0.0300000000000002
6.184936,-9,-9,3.9,0,0,0,3.88,1,-0.02
6.189941,-10,-10,3.9,0,0,0,3.88,1,-0.02
6.194946,-10,-10,3.92,0,0,0,3.88,1,-0.04
6.199951,-14,-14,3.92,0,0,0,3.88,1,-0.04
6.204956,-15,-15,3.95,0,0,0,3.88,1,-0.0700000000000003
6.20996,-18,-18,3.93,0,0,0,3.88,1,-0.0500000000000003
6.214965,-16,-16,3.95,0,0,0,3.88,1,-0.0700000000000003
6.21997,-19,-19,3.97,-2,0,0,3.88,1,-0.0900000000000003
6.224975,-23,-23,4.01,-2,0,0,3.88,1,-0.13
6.22998,-26,-26,3.98,0,0,0,3.5,1,-0.48
6.234985,-22,-22,4.01,0,0,0,3.5,1,-0.51
6.23999,-53,-53,4.03,0,0,0,3.88,1,-0.15
6.244995,-57,-57,4.08,0,0,0,3.88,1,-0.2
6.25,-36,-36,4.01,-2,-2,0,3.88,1,-0.13
6.254882,-25,-25,4.07,-2,-2,0,3.88,1,-0.19
6.259887,-28,-28,4.06,0,-2,0,3.13,1,-0.93
6.264892,-34,-34,4.12,0,-2,0,3.13,1,-0.99
6.269897,-92,-92,4.11,0,-2,0,3.5,1,-0.61
6.274902,-86,-86,4.11,0,-2,0,3.5,1,-0.61
6.279907,-57,-57,4.11,0,-2,0,3.5,1,-0.61
6.284912,-62,-62,4.17,0,-2,0,3.5,1,-0.67
6.289917,-71,-71,4.15,-2,-2,0,3.5,1,-0.65
6.294921,-66,-66,4.26,-2,-2,0,3.5,1,-0.76
6.299926,-66,-66,4.21,0,-2,0,3.12,1,-1.09
6.304931,-56,-56,4.2,0,-2,0,3.12,1,-1.08
6.309936,-75,-75,4.3,-2,-2,0,3.49,1,-0.81
6.314941,-77,-77,4.33,-2,-2,0,3.49,1,-0.84
6.319946,-39,-39,4.19,0,-2,0,3.12,1,-1.07
6.324951,-9,-9,4.12,0,-2,0,3.12,1,-1
6.329956,-21,-21,4,-2,-4,0,3.49,1,-0.51
6.33496,-11,-11,3.97,-2,-4,0,3.49,1,-0.48
6.339965,14,14,3.91,-2,-2,0,2.74,1,-1.17
6.34497,14,14,3.8,-2,-2,0,2.74,1,-1.06
6.349975,-32,-32,3.73,-2,0,0,3.11,1,-0.62
6.35498,-33,-33,3.65,-2,0,0,3.11,1,-0.54
6.359985,-15,-15,3.68,0,0,0,3.48,1,-0.2
6.36499,-32,-32,3.74,0,0,0,3.48,1,-0.26
6.369995,-20,-20,3.7,0,-2,0,3.86,1,0.16
6.375,-15,-15,3.71,0,-2,0,3.86,1,0.15
6.379882,14,14,3.68,0,0,0,3.48,1,-0.2
6.384887,14,14,3.65,0,0,0,3.48,1,-0.17
6.389892,-16,-16,3.74,0,0,0,3.86,1,0.12
6.394897,-30,-30,3.75,0,0,0,3.86,1,0.11
6.399902,-9,-9,3.76,0,2,0,3.86,1,0.1
6.404907,-6,-6,3.79,0,2,0,3.86,1,0.0699999999999998
6.409912,-7,-7,3.77,0,0,0,4.23,1,0.46
6.414917,-5,-5,3.82,0,0,0,4.23,1,0.410000000000001
6.419921,19,19,3.84,0,0,0,3.86,1,0.02
6.424926,18,18,3.82,0,0,0,3.86,1,0.04
6.429931,-4,-4,3.88,0,0,0,3.86,1,-0.02
6.434936,-11,-11,3.9,0,0,0,3.86,1,-0.04
6.439941,-14,-14,3.91,0,0,0,3.86,1,-0.0500000000000003
6.444946,-12,-12,3.95,0,0,0,3.86,1,-0.0900000000000003
6.449951,-12,-12,3.91,0,0,0,3.86,1,-0.0500000000000003
6.454956,-5,-5,3.93,0,0,0,3.86,1,-0.0700000000000003
6.45996,-6,-6,3.97,0,0,0,3.86,1,-0.11
6.464965,-10,-10,3.96,0,0,0,3.86,1,-0.1
6.46997,-7,-7,3.95,0,0,0,3.86,1,-0.0900000000000003
6.474975,-2,-2,3.95,0,0,0,3.86,1,-0.0900000000000003
6.47998,-3,-3,3.94,0,0,0,3.86,1,-0.0800000000000001
6.484985,-3,-3,3.96,0,0,0,3.86,1,-0.1
6.48999,-5,-5,3.96,0,0,0,3.86,1,-0.1
6.494995,-4,-4,3.94,0,0,0,3.86,1,-0.0800000000000001
6.5,-1,-1,3.95,0,0,0,3.86,1,-0.0900000000000003
6.504882,-1,-1,3.94,0,0,0,3.86,1,-0.0800000000000001
6.509887,-1,-1,3.93,0,0,0,3.86,1,-0.0700000000000003
6.514892,0,0,3.93,0,0,0,3.86,1,-0.0700000000000003
6.519897,1,1,3.93,0,0,0,3.86,1,-0.0700000000000003
6.524902,1,1,3.92,0,0,0,3.86,1,-0.0600000000000001
6.529907,3,3,3.91,0,0,0,3.86,1,-0.0500000000000003
6.534912,5,5,3.9,0,0,0,3.86,1,-0.04
6.539917,5,5,3.9,0,0,0,3.86,1,-0.04
6.544921,6,6,3.89,0,0,0,3.86,1,-0.0300000000000002
6.549926,8,8,3.89,0,0,0,3.86,1,-0.0300000000000002
6.554931,8,8,3.86,0,0,0,3.86,1,0
6.559936,11,11,3.86,0,0,0,3.86,1,0
6.564941,12,12,3.84,0,0,0,3.86,1,0.02
6.569946,14,14,3.84,2,0,0,3.86,1,0.02
6.574951,13,13,3.82,2,0,0,3.86,1,0.04
6.579956,16,16,3.8,0,0,0,4.23,1,0.430000000000001
6.58496,20,20,3.76,0,0,0,4.23,1,0.470000000000001
6.589965,48,48,3.79,0,0,0,3.86,1,0.0699999999999998
6.59497,43,43,3.76,0,0,0,3.86,1,0.1
6.599975,21,21,3.74,0,2,0,3.86,1,0.12
6.60498,25,25,3.69,0,2,0,3.86,1,0.17
6.609985,29,29,3.72,0,0,0,4.23,1,0.51
6.61499,23,23,3.69,0,0,0,4.23,1,0.54
6.619995,51,51,3.67,0,0,0,3.86,1,0.19
6.625,57,57,3.63,0,0,0,3.86,1,0.23
6.629882,35,35,3.68,2,2,0,3.86,1,0.18
6.634887,26,26,3.63,2,2,0,3.86,1,0.23
6.639892,28,28,3.64,2,2,0,4.61,1,0.97
6.644897,33,33,3.59,2,2,0,4.61,1,1.02
6.649902,91,91,3.6,2,2,0,4.61,1,1.01
6.654907,85,85,3.6,2,2,0,4.61,1,1.01
6.659912,83,83,3.58,2,2,0,4.61,1,1.03
6.664917,89,89,3.54,2,2,0,4.61,1,1.07
6.669921,96,96,3.62,4,4,0,4.61,1,0.99
6.674926,84,84,3.43,4,4,0,4.61,1,1.18
6.679931,91,91,3.42,2,2,0,5.36,1,1.94
6.684936,81,81,3.41,2,2,0,5.36,1,1.95
6.689941,117,117,3.41,4,4,0,4.62,1,1.21
6.694946,101,101,3.42,4,4,0,4.62,1,1.2
6.699951,26,26,3.64,4,4,0,5.37,1,1.73
6.704956,-13,-13,3.76,4,4,0,5.37,1,1.61
6.70996,27,27,3.83,2,2,0,5.38,1,1.55
6.714965,32,32,3.86,2,2,0,5.38,1,1.52
6.71997,39,39,3.94,2,2,0,4.63,1,0.69
6.724975,33,33,4.06,2,2,0,4.63,1,0.57
6.72998,-28,-28,4.14,2,2,0,4.64,1,0.5
6.734985,-30,-30,4.08,2,2,0,4.64,1,0.56
6.73999,-23,-23,4.22,2,2,0,4.64,1,0.42
6.744995,-40,-40,4.38,2,2,0,4.64,1,0.26
6.75,-56,-56,4.45,0,0,0,4.64,1,0.19
6.754882,-47,-47,4.54,0,0,0,4.64,1,0.0999999999999996
6.759887,-33,-33,4.48,0,2,0,3.9,1,-0.580000000000001
6.764892,-14,-14,4.48,0,2,0,3.9,1,-0.580000000000001
6.769897,-62,-62,4.53,0,-2,0,4.27,1,-0.260000000000001
6.774902,-63,-63,4.56,0,-2,0,4.27,1,-0.29
6.779907,-32,-32,4.48,0,0,0,3.52,1,-0.96
6.784912,-20,-20,4.5,0,0,0,3.52,1,-0.98
6.789917,-73,-73,4.45,0,-2,0,3.9,1,-0.55
6.794921,-72,-72,4.49,0,-2,0,3.9,1,-0.59
6.799926,-54,-54,4.51,0,-2,0,3.52,1,-0.99
6.804931,-61,-61,4.56,0,-2,0,3.52,1,-1.04
6.809936,-92,-92,4.48,-2,-2,0,3.52,1,-0.96
6.814941,-83,-83,4.55,-2,-2,0,3.52,1,-1.03
6.819946,-87,-87,4.55,-2,-2,0,3.14,1,-1.41
6.824951,-93,-93,4.59,-2,-2,0,3.14,1,-1.45
6.829956,-121,-121,4.51,-2,-2,0,3.14,1,-1.37
6.83496,-111,-111,4.67,-2,-2,0,3.14,1,-1.53
6.839965,-124,-124,4.68,-2,-4,0,3.14,1,-1.54
6.84497,-117,-117,4.64,-2,-4,0,3.14,1,-1.5
6.849975,-81,-81,4.63,-4,-4,0,2.76,1,-1.87
6.85498,-55,-55,4.61,-4,-4,0,2.76,1,-1.85
6.859985,-60,-60,4.31,-4,-4,0,2.39,1,-1.92
6.86499,-18,-18,4.2,-4,-4,0,2.39,1,-1.81
6.869995,-29,-29,4.05,-4,-4,0,2.38,1,-1.67
6.875,-26,-26,4.01,-4,-4,0,2.38,1,-1.63
6.879882,-26,-26,3.89,-2,-2,0,2.38,1,-1.51
6.884887,-14,-14,3.71,-2,-2,0,2.38,1,-1.33
6.889892,1,1,3.56,-2,-4,0,3.12,1,-0.44
6.894897,6,6,3.53,-2,-4,0,3.12,1,-0.41
6.899902,49,49,3.46,-2,-2,0,2.74,1,-0.72
6.904907,45,45,3.24,-2,-2,0,2.74,1,-0.5
6.909912,32,32,3.23,0,-2,0,3.11,1,-0.12
6.914917,23,23,3.08,0,-2,0,3.11,1,0.0299999999999998
6.919921,40,40,3.07,0,0,0,3.49,1,0.42
6.924926,21,21,3.09,0,0,0,3.49,1,0.4
6.929931,23,23,3.21,0,0,0,3.86,1,0.65
6.934936,-2,-2,3.24,0,0,0,3.86,1,0.62
6.939941,20,20,3.3,2,2,0,3.86,1,0.56
6.944946,22,22,3.27,2,2,0,3.86,1,0.59
6.949951,28,28,3.32,0,0,0,4.61,1,1.29
6.954956,23,23,3.36,0,0,0,4.61,1,1.25
6.95996,72,72,3.38,2,0,0,3.86,1,0.48
6.964965,75,75,3.38,2,0,0,3.86,1,0.48
6.96997,27,27,3.49,2,2,0,4.23,1,0.74
6.974975,14,14,3.47,2,2,0,4.23,1,0.76
6.97998,39,39,3.55,2,2,0,4.61,1,1.06
6.984985,42,42,3.52,2,2,0,4.61,1,1.09
6.98999,74,74,3.55,2,2,0,4.61,1,1.06
6.994995,67,67,3.54,2,2,0,4.61,1,1.07
7,63,63,3.55,2,2,0,4.61,1,1.06
7.004882,60,60,3.55,2,2,0,4.61,1,1.06
7.009887,53,53,3.58,2,2,0,4.62,1,1.04
7.014892,37,37,3.62,2,2,0,4.62,1,1
7.019897,16,16,3.8,2,2,0,4.62,1,0.82
7.024902,-9,-9,3.91,2,2,0,4.62,1,0.71
7.029907,-17,-17,3.97,2,2,0,4.62,1,0.65
7.034912,-11,-11,4.02,2,2,0,4.62,1,0.600000000000001
7.039917,-6,-6,4.1,0,2,0,4.62,1,0.52
7.044921,-6,-6,4.17,0,2,0,4.62,1,0.45
7.049926,-7,-7,4.23,0,2,0,4.25,1,0.0199999999999996
7.054931,-4,-4,4.26,0,2,0,4.25,1,-0.00999999999999979
7.059936,-23,-23,4.27,0,0,0,4.25,1,-0.0199999999999996
7.064941,-15,-15,4.31,0,0,0,4.25,1,-0.0599999999999996
7.069946,-11,-11,4.29,0,0,0,3.88,1,-0.41
7.074951,1,1,4.28,0,0,0,3.88,1,-0.4
7.079956,-16,-16,4.23,0,0,0,3.88,1,-0.350000000000001
7.08496,-9,-9,4.22,0,0,0,3.88,1,-0.34
7.089965,-9,-9,4.2,-2,-2,0,3.88,1,-0.32
7.09497,-7,-7,4.19,-2,-2,0,3.88,1,-0.31
7.099975,-7,-7,4.15,0,0,0,3.13,1,-1.02
7.10498,-5,-5,4.14,0,0,0,3.13,1,-1.01
7.109985,-58,-58,4.12,0,0,0,3.88,1,-0.24
7.11499,-55,-55,4.1,0,0,0,3.88,1,-0.22
7.119995,0,0,4.08,0,0,0,3.88,1,-0.2
7.125,0,0,4.06,0,0,0,3.88,1,-0.18
7.129882,0,0,4.06,0,0,0,3.88,1,-0.18
7.134887,-1,-1,4.04,0,0,0,3.88,1,-0.16
7.139892,0,0,4.03,0,0,0,3.88,1,-0.15
7.144897,2,2,4.01,0,0,0,3.88,1,-0.13
7.149902,3,3,3.99,0,0,0,3.88,1,-0.11
7.154907,5,5,3.98,0,0,0,3.88,1,-0.1
7.159912,5,5,3.97,0,0,0,3.88,1,-0.0900000000000003
7.164917,5,5,3.95,0,0,0,3.88,1,-0.0700000000000003
7.169921,7,7,3.95,0,0,0,3.88,1,-0.0700000000000003
7.174926,6,6,3.93,0,0,0,3.88,1,-0.0500000000000003
7.179931,8,8,3.91,0,0,0,3.88,1,-0.0300000000000002
7.184936,10,10,3.89,0,0,0,3.88,1,-0.0100000000000002
7.189941,11,11,3.89,0,0,0,3.88,1,-0.0100000000000002
7.194946,9,9,3.88,0,0,0,3.88,1,0
7.199951,11,11,3.86,0,0,0,3.88,1,0.02
7.204956,13,13,3.82,0,0,0,3.88,1,0.0600000000000001
7.20996,16,16,3.83,0,0,0,3.88,1,0.0499999999999998
7.214965,12,12,3.82,0,0,0,3.88,1,0.0600000000000001
7.21997,13,13,3.8,0,0,0,3.88,1,0.0800000000000001
7.224975,16,16,3.78,0,0,0,3.88,1,0.1
7.22998,19,19,3.79,0,0,0,3.88,1,0.0899999999999999
7.234985,15,15,3.77,0,0,0,3.88,1,0.11
7.23999,16,16,3.76,2,0,0,3.88,1,0.12
7.244995,20,20,3.73,2,0,0,3.88,1,0.15
7.25,22,22,3.76,0,0,0,4.25,1,0.49
7.254882,17,17,3.74,0,0,0,4.25,1,0.51
7.259887,44,44,3.72,0,0,0,3.88,1,0.16
7.264892,47,47,3.65,0,0,0,3.88,1,0.23
7.269897,26,26,3.7,0,0,0,3.88,1,0.18
7.274902,17,17,3.59,0,0,0,3.88,1,0.29
7.279907,21,21,3.64,0,0,0,3.88,1,0.24
7.284912,9,9,3.71,0,0,0,3.88,1,0.17
7.289917,-4,-4,3.72,2,2,0,3.88,1,0.16
7.294921,-2,-2,3.69,2,2,0,3.88,1,0.19
7.299926,8,8,3.7,0,0,0,4.63,1,0.93
7.304931,5,5,3.74,0,0,0,4.63,1,0.89
7.309936,51,51,3.78,0,2,0,3.88,1,0.1
7.314941,51,51,3.75,0,2,0,3.88,1,0.13
7.319946,7,7,3.74,0,0,0,4.26,1,0.52
7.324951,10,10,3.75,0,0,0,4.26,1,0.51
7.329956,35,35,3.77,0,0,0,3.88,1,0.11
7.33496,34,34,3.74,0,0,0,3.88,1,0.14
7.339965,13,13,3.73,0,0,0,3.88,1,0.15
7.34497,16,16,3.72,0,0,0,3.88,1,0.16
7.349975,16,16,3.72,0,0,0,3.88,1,0.16
7.35498,14,14,3.7,0,0,0,3.88,1,0.18
7.359985,12,12,3.74,0,0,0,3.88,1,0.14
7.36499,8,8,3.74,0,0,0,3.88,1,0.14
7.369995,10,10,3.72,0,0,0,3.88,1,0.16
7.375,14,14,3.71,0,0,0,3.88,1,0.17
7.379882,12,12,3.74,0,0,0,3.88,1,0.14
7.384887,5,5,3.74,0,0,0,3.88,1,0.14
7.389892,7,7,3.71,0,2,0,3.88,1,0.17
7.394897,13,13,3.69,0,2,0,3.88,1,0.19
7.399902,12,12,3.73,0,0,0,4.26,1,0.53
7.404907,5,5,3.74,0,0,0,4.26,1,0.52
7.409912,31,31,3.71,0,0,0,3.88,1,0.17
7.414917,36,36,3.69,0,0,0,3.88,1,0.19
7.419921,11,11,3.74,0,0,0,3.88,1,0.14
7.424926,3,3,3.75,0,0,0,3.88,1,0.13
7.429931,3,3,3.73,0,0,0,3.88,1,0.15
7.434936,7,7,3.71,0,0,0,3.88,1,0.17
7.439941,8,8,3.75,0,0,0,3.88,1,0.13
7.444946,1,1,3.76,0,0,0,3.88,1,0.12
7.449951,1,1,3.75,0,0,0,3.88,1,0.13
7.454956,5,5,3.74,0,0,0,3.88,1,0.14
7.45996,6,6,3.77,0,0,0,3.88,1,0.11
7.464965,1,1,3.79,0,0,0,3.88,1,0.0899999999999999
7.46997,-1,-1,3.79,0,0,0,3.88,1,0.0899999999999999
7.474975,1,1,3.77,0,0,0,3.88,1,0.11
7.47998,2,2,3.79,0,0,0,3.88,1,0.0899999999999999
7.484985,-1,-1,3.81,0,0,0,3.88,1,0.0699999999999998
7.48999,-3,-3,3.8,0,0,0,3.88,1,0.0800000000000001
7.494995,-1,-1,3.81,0,0,0,3.88,1,0.0699999999999998
7.5,-1,-1,3.83,0,0,0,3.88,1,0.0499999999999998
7.504882,-4,-4,3.84,0,0,0,3.88,1,0.04
7.509887,-5,-5,3.84,0,0,0,3.88,1,0.04
7.514892,-5,-5,3.84,0,0,0,3.88,1,0.04
7.519897,-5,-5,3.86,0,0,0,3.88,1,0.02
7.524902,-7,-7,3.88,0,0,0,3.88,1,0
7.529907,-9,-9,3.88,0,0,0,3.88,1,0
7.534912,-8,-8,3.89,0,0,0,3.88,1,-0.0100000000000002
7.539917,-7,-7,3.89,0,0,0,3.88,1,-0.0100000000000002
7.544921,-9,-9,3.92,0,0,0,3.88,1,-0.04
7.549926,-11,-11,3.92,0,0,0,3.88,1,-0.04
7.554931,-11,-11,3.93,0,0,0,3.88,1,-0.0500000000000003
7.559936,-11,-11,3.94,0,0,0,3.88,1,-0.0600000000000001
7.564941,-11,-11,3.96,0,0,0,3.88,1,-0.0800000000000001
7.569946,-13,-13,3.95,0,0,0,3.88,1,-0.0700000000000003
7.574951,-13,-13,3.97,0,0,0,3.88,1,-0.0900000000000003
7.579956,-14,-14,3.98,0,0,0,3.88,1,-0.1
7.58496,-16,-16,4,0,0,0,3.88,1,-0.12
7.589965,-16,-16,3.99,0,0,0,3.88,1,-0.11
7.59497,-13,-13,4,0,0,0,3.88,1,-0.12
7.599975,-15,-15,4.02,0,0,0,3.88,1,-0.14
7.60498,-19,-19,4.05,0,0,0,3.88,1,-0.17
7.609985,-21,-21,4.03,0,0,0,3.88,1,-0.15
7.61499,-16,-16,4.04,0,0,0,3.88,1,-0.16
7.619995,-17,-17,4.06,0,0,0,3.88,1,-0.18
7.625,-21,-21,4.1,0,0,0,3.88,1,-0.22
7.629882,-24,-24,4.07,-2,0,0,3.88,1,-0.19
7.634887,-18,-18,4.08,-2,0,0,3.88,1,-0.2
7.639892,-19,-19,4.1,0,0,0,3.51,1,-0.59
7.644897,-24,-24,4.14,0,0,0,3.51,1,-0.63
7.649902,-54,-54,4.11,0,0,0,3.88,1,-0.23
7.654907,-47,-47,4.12,0,0,0,3.88,1,-0.24
7.659912,-21,-21,4.14,0,0,0,3.88,1,-0.26
7.664917,-26,-26,4.17,0,0,0,3.88,1,-0.29
7.669921,-29,-29,4.14,0,0,0,3.88,1,-0.26
7.674926,-22,-22,4.15,0,0,0,3.88,1,-0.27
7.679931,-22,-22,4.15,0,0,0,3.88,1,-0.27
7.684936,-26,-26,4.18,0,0,0,3.88,1,-0.3
7.689941,-29,-29,4.16,0,0,0,3.88,1,-0.28
7.694946,-23,-23,4.17,0,0,0,3.88,1,-0.29
7.699951,-22,-22,4.17,0,-2,0,3.88,1,-0.29
7.704956,-25,-25,4.19,0,-2,0,3.88,1,-0.31
7.70996,-29,-29,4.15,-2,0,0,3.51,1,-0.640000000000001
7.714965,-21,-21,4.16,-2,0,0,3.51,1,-0.65
7.71997,-46,-46,4.17,0,0,0,3.51,1,-0.66
7.724975,-51,-51,4.24,0,0,0,3.51,1,-0.73
7.72998,-57,-57,4.17,0,-2,0,3.88,1,-0.29
7.734985,-45,-45,4.21,0,-2,0,3.88,1,-0.33
7.73999,-17,-17,4.18,0,-2,0,3.51,1,-0.67
7.744995,-17,-17,4.19,0,-2,0,3.51,1,-0.680000000000001
7.75,-46,-46,4.17,-2,-2,0,3.51,1,-0.66
7.754882,-44,-44,4.17,-2,-2,0,3.51,1,-0.66
7.759887,-46,-46,4.19,-2,0,0,3.13,1,-1.06
7.764892,-51,-51,4.25,-2,0,0,3.13,1,-1.12
7.769897,-82,-82,4.23,-2,-2,0,3.5,1,-0.73
7.774902,-70,-70,4.28,-2,-2,0,3.5,1,-0.78
7.779907,-32,-32,4.15,-2,0,0,3.13,1,-1.02
7.784912,-10,-10,4.06,-2,0,0,3.13,1,-0.93
7.789917,-26,-26,4.03,-2,-2,0,3.5,1,-0.53
7.794921,-27,-27,4.05,-2,-2,0,3.5,1,-0.55
7.799926,-5,-5,3.97,0,0,0,3.12,1,-0.85
7.804931,5,5,3.89,0,0,0,3.12,1,-0.77
7.809936,-14,-14,3.82,-2,0,0,3.87,1,0.0500000000000003
7.814941,-15,-15,3.8,-2,0,0,3.87,1,0.0700000000000003
7.819946,28,28,3.81,0,0,0,3.49,1,-0.32
7.824951,23,23,3.72,0,0,0,3.49,1,-0.23
7.829956,2,2,3.75,0,2,0,3.87,1,0.12
7.83496,-7,-7,3.74,0,2,0,3.87,1,0.13
7.839965,14,14,3.77,0,0,0,4.24,1,0.47
7.84497,10,10,3.75,0,0,0,4.24,1,0.49
7.849975,38,38,3.75,0,0,0,3.87,1,0.12
7.85498,38,38,3.75,0,0,0,3.87,1,0.12
7.859985,14,14,3.76,0,0,0,3.87,1,0.11
7.86499,15,15,3.71,0,0,0,3.87,1,0.16
7.869995,20,20,3.73,0,0,0,3.87,1,0.14
7.875,17,17,3.73,0,0,0,3.87,1,0.14
7.879882,16,16,3.72,0,0,0,3.87,1,0.15
7.884887,19,19,3.69,0,0,0,3.87,1,0.18
7.889892,24,24,3.7,2,0,0,3.87,1,0.17
7.894897,22,22,3.68,2,0,0,3.87,1,0.19
7.899902,23,23,3.68,0,0,0,4.24,1,0.56
7.904907,26,26,3.65,0,0,0,4.24,1,0.59
7.909912,55,55,3.68,0,0,0,3.87,1,0.19
7.914917,50,50,3.65,0,0,0,3.87,1,0.22
7.919921,27,27,3.64,0,0,0,3.87,1,0.23
7.924926,31,31,3.61,0,0,0,3.87,1,0.26
7.929931,34,34,3.64,0,0,0,3.87,1,0.23
7.934936,27,27,3.61,0,0,0,3.87,1,0.26
7.939941,29,29,3.59,0,2,0,3.87,1,0.28
7.944946,35,35,3.51,0,2,0,3.87,1,0.36
7.949951,42,42,3.55,2,2,0,4.24,1,0.69
7.954956,35,35,3.54,2,2,0,4.24,1,0.7
7.95996,59,59,3.53,2,0,0,4.62,1,1.09
7.964965,64,64,3.43,2,0,0,4.62,1,1.19
7.96997,101,101,3.45,2,2,0,4.25,1,0.8
7.974975,93,93,3.4,2,2,0,4.25,1,0.85
7.97998,61,61,3.45,0,0,0,4.62,1,1.17
7.984985,51,51,3.44,0,0,0,4.62,1,1.18
7.98999,74,74,3.37,2,4,0,3.88,1,0.51
7.994995,75,75,3.33,2,4,0,3.88,1,0.55
8,9,9,3.5,2,2,0,5,1,1.5
8.004882,-25,-25,3.62,2,2,0,5,1,1.38
8.009887,38,38,3.73,0,2,0,4.63,1,0.9
8.014892,42,42,3.7,0,2,0,4.63,1,0.93
8.019897,36,36,3.63,0,0,0,4.26,1,0.63
8.024902,54,54,3.66,0,0,0,4.26,1,0.6
8.029907,21,21,3.74,2,2,0,3.88,1,0.14
8.034912,6,6,3.72,2,2,0,3.88,1,0.16
8.039917,-21,-21,3.81,2,2,0,4.63,1,0.82
8.044921,-27,-27,3.87,2,2,0,4.63,1,0.76
8.049926,21,21,3.89,0,0,0,4.63,1,0.74
8.054931,28,28,3.92,0,0,0,4.63,1,0.71
8.059936,41,41,3.86,0,0,0,3.89,1,0.0300000000000002
8.064941,56,56,3.73,0,0,0,3.89,1,0.16
8.069946,15,15,3.8,2,2,0,3.89,1,0.0900000000000003
8.074951,-1,-1,3.79,2,2,0,3.89,1,0.1
8.079956,-14,-14,3.87,0,0,0,4.64,1,0.77
8.08496,-27,-27,3.98,0,0,0,4.64,1,0.66
8.089965,19,19,3.91,0,0,0,3.89,1,-0.02
8.09497,35,35,3.93,0,0,0,3.89,1,-0.04
8.099975,-11,-11,3.94,0,0,0,3.89,1,-0.0499999999999998
8.10498,-13,-13,3.95,0,0,0,3.89,1,-0.0600000000000001
8.109985,-17,-17,3.97,0,0,0,3.89,1,-0.0800000000000001
8.11499,-19,-19,3.98,0,0,0,3.89,1,-0.0899999999999999
8.119995,-19,-19,3.95,0,0,0,3.89,1,-0.0600000000000001
8.125,-18,-18,4,0,0,0,3.89,1,-0.11
8.129882,-23,-23,3.99,0,0,0,3.89,1,-0.1
8.134887,-23,-23,4.02,0,0,0,3.89,1,-0.129999999999999
8.139892,-26,-26,4.04,0,0,0,3.89,1,-0.15
8.144897,-32,-32,4.07,0,0,0,3.89,1,-0.18
8.149902,-36,-36,4.05,-2,0,0,3.89,1,-0.16
8.154907,-31,-31,4.09,-2,0,0,3.89,1,-0.2
8.159912,-33,-33,4.09,-2,-2,0,3.52,1,-0.57
8.164917,-39,-39,4.17,-2,-2,0,3.52,1,-0.65
8.169921,-73,-73,4.14,0,0,0,3.14,1,-1
8.174926,-66,-66,4.18,0,0,0,3.14,1,-1.04
8.179931,-94,-94,4.21,0,0,0,3.89,1,-0.32
8.184936,-101,-101,4.3,0,0,0,3.89,1,-0.41
8.189941,-58,-58,4.24,-2,-2,0,3.89,1,-0.35
8.194946,-49,-49,4.3,-2,-2,0,3.89,1,-0.41
8.199951,-46,-46,4.24,-2,-2,0,3.14,1,-1.1
8.204956,-44,-44,4.36,-2,-2,0,3.14,1,-1.22
8.20996,-110,-110,4.39,-2,-2,0,3.14,1,-1.25
8.214965,-106,-106,4.42,-2,-2,0,3.14,1,-1.28
8.21997,-90,-90,4.34,-2,-2,0,3.14,1,-1.2
8.224975,-66,-66,4.27,-2,-2,0,3.14,1,-1.13
8.22998,-48,-48,4.16,-2,-4,0,3.13,1,-1.03
8.234985,-33,-33,4.25,-2,-4,0,3.13,1,-1.12
8.23999,-38,-38,4.13,-2,-2,0,2.76,1,-1.37
8.244995,-25,-25,4.08,-2,-2,0,2.76,1,-1.32
8.25,-38,-38,3.95,-2,-4,0,3.13,1,-0.82
8.254882,-22,-22,3.86,-2,-4,0,3.13,1,-0.73
8.259887,10,10,3.76,-2,-2,0,2.75,1,-1.01
8.264892,13,13,3.69,-2,-2,0,2.75,1,-0.94
8.269897,-17,-17,3.64,-2,-2,0,3.12,1,-0.52
8.274902,-24,-24,3.59,-2,-2,0,3.12,1,-0.47
8.279907,-3,-3,3.58,0,0,0,3.12,1,-0.46
8.284912,-10,-10,3.58,0,0,0,3.12,1,-0.46
8.289917,-19,-19,3.56,0,0,0,3.86,1,0.3
8.294921,-24,-24,3.58,0,0,0,3.86,1,0.28
8.299926,24,24,3.58,0,0,0,3.86,1,0.28
8.304931,20,20,3.52,0,0,0,3.86,1,0.34
8.309936,21,21,3.61,0,2,0,3.86,1,0.25
8.314941,8,8,3.63,0,2,0,3.86,1,0.23
8.319946,1,1,3.68,0,0,0,4.24,1,0.56
8.324951,0,0,3.71,0,0,0,4.24,1,0.53
8.329956,28,28,3.69,0,0,0,3.87,1,0.18
8.33496,33,33,3.71,0,0,0,3.87,1,0.16
8.339965,7,7,3.74,0,0,0,3.87,1,0.13
8.34497,5,5,3.73,0,0,0,3.87,1,0.14
8.349975,7,7,3.77,0,0,0,3.87,1,0.1
8.35498,6,6,3.77,0,0,0,3.87,1,0.1
8.359985,7,7,3.77,0,0,0,3.87,1,0.1
8.36499,10,10,3.77,0,0,0,3.87,1,0.1
8.369995,12,12,3.77,0,0,0,3.87,1,0.1
8.375,11,11,3.76,0,0,0,3.87,1,0.11
8.379882,13,13,3.77,0,0,0,3.87,1,0.1
8.384887,15,15,3.76,0,0,0,3.87,1,0.11
8.389892,17,17,3.78,0,0,0,3.87,1,0.0900000000000003
8.394897,16,16,3.76,0,0,0,3.87,1,0.11
8.399902,19,19,3.75,0,0,0,3.87,1,0.12
8.404907,23,23,3.7,0,0,0,3.87,1,0.17
8.409912,26,26,3.74,0,0,0,3.87,1,0.13
8.414917,21,21,3.71,0,0,0,3.87,1,0.16
8.419921,25,25,3.69,0,0,0,3.87,1,0.18
8.424926,31,31,3.63,0,0,0,3.87,1,0.24
8.429931,36,36,3.67,0,0,0,3.87,1,0.2
8.434936,30,30,3.64,0,0,0,3.87,1,0.23
8.439941,33,33,3.62,0,0,0,3.87,1,0.25
8.444946,40,40,3.55,0,0,0,3.87,1,0.32
8.449951,46,46,3.59,0,0,0,3.87,1,0.28
8.454956,39,39,3.55,0,0,0,3.87,1,0.32
8.45996,42,42,3.54,2,0,0,3.87,1,0.33
8.464965,48,48,3.47,2,0,0,3.87,1,0.4
8.46997,56,56,3.51,2,2,0,4.24,1,0.73
8.474975,47,47,3.47,2,2,0,4.24,1,0.77
8.47998,74,74,3.47,2,0,0,4.61,1,1.14
8.484985,80,80,3.39,2,0,0,4.61,1,1.22
8.48999,116,116,3.42,2,2,0,4.24,1,0.82
8.494995,106,106,3.32,2,2,0,4.24,1,0.92
8.5,78,78,3.35,2,2,0,4.62,1,1.27
8.504882,66,66,3.34,2,2,0,4.62,1,1.28
8.509887,78,78,3.39,2,2,0,4.62,1,1.23
8.514892,58,58,3.42,2,2,0,4.62,1,1.2
8.519897,37,37,3.59,4,2,0,4.62,1,1.03
8.524902,11,11,3.67,4,2,0,4.62,1,0.95
8.529907,5,5,3.7,2,4,0,5,1,1.3
8.534912,12,12,3.73,2,4,0,5,1,1.27
8.539917,38,38,3.88,2,2,0,5,1,1.12
8.544921,20,20,3.95,2,2,0,5,1,1.05
8.549926,17,17,3.97,2,2,0,4.63,1,0.66
8.554931,25,25,3.9,2,2,0,4.63,1,0.73
8.559936,8,8,4.04,2,0,0,4.63,1,0.59
8.564941,-11,-11,4.15,2,0,0,4.63,1,0.48
8.569946,-22,-22,4.19,0,2,0,4.26,1,0.0699999999999994
8.574951,-13,-13,4.19,0,2,0,4.26,1,0.0699999999999994
8.579956,-28,-28,4.21,2,0,0,4.26,1,0.0499999999999998
8.58496,-30,-30,4.31,2,0,0,4.26,1,-0.0499999999999998
8.589965,-39,-39,4.36,0,0,0,4.27,1,-0.0900000000000007
8.59497,-33,-33,4.39,0,0,0,4.27,1,-0.12
8.599975,-17,-17,4.28,0,0,0,3.89,1,-0.39
8.60498,6,6,4.23,0,0,0,3.89,1,-0.34
8.609985,-16,-16,4.24,0,0,0,3.89,1,-0.35
8.61499,-23,-23,4.26,0,0,0,3.89,1,-0.37
8.619995,-29,-29,4.23,0,0,0,3.89,1,-0.34
8.625,-26,-26,4.26,0,0,0,3.89,1,-0.37
8.629882,-28,-28,4.2,-2,-2,0,3.89,1,-0.31
8.634887,-24,-24,4.23,-2,-2,0,3.89,1,-0.34
8.639892,-30,-30,4.24,0,0,0,3.14,1,-1.1
8.644897,-37,-37,4.28,0,0,0,3.14,1,-1.14
8.649902,-94,-94,4.24,0,0,0,3.89,1,-0.35
8.654907,-87,-87,4.27,0,0,0,3.89,1,-0.379999999999999
8.659912,-39,-39,4.27,0,0,0,3.89,1,-0.379999999999999
8.664917,-45,-45,4.32,0,0,0,3.89,1,-0.43
8.669921,-51,-51,4.29,-2,-2,0,3.89,1,-0.4
8.674926,-46,-46,4.35,-2,-2,0,3.89,1,-0.46
8.679931,-51,-51,4.35,-2,-2,0,3.14,1,-1.21
8.684936,-54,-54,4.39,-2,-2,0,3.14,1,-1.25
8.689941,-109,-109,4.32,-2,-2,0,3.14,1,-1.18
8.694946,-101,-101,4.43,-2,-2,0,3.14,1,-1.29
8.699951,-112,-112,4.52,-2,-2,0,3.14,1,-1.38
8.704956,-123,-123,4.56,-2,-2,0,3.14,1,-1.42
8.70996,-115,-115,4.62,-2,-2,0,3.14,1,-1.48
8.714965,-101,-101,4.61,-2,-2,0,3.14,1,-1.47
8.71997,-75,-75,4.37,-2,-2,0,3.13,1,-1.24
8.724975,-37,-37,4.29,-2,-2,0,3.13,1,-1.16
8.72998,-26,-26,4.25,-4,-4,0,3.13,1,-1.12
8.734985,-29,-29,4.28,-4,-4,0,3.13,1,-1.15
8.73999,-31,-31,4.17,-2,-4,0,2.38,1,-1.79
8.744995,-12,-12,4.08,-2,-4,0,2.38,1,-1.7
8.75,-53,-53,3.97,-4,-4,0,2.75,1,-1.22
8.754882,-45,-45,3.96,-4,-4,0,2.75,1,-1.21
8.759887,-27,-27,3.89,-2,-2,0,2.37,1,-1.52
8.764892,-27,-27,3.84,-2,-2,0,2.37,1,-1.47
8.769897,-52,-52,3.77,-2,-4,0,3.11,1,-0.66
8.774902,-51,-51,3.77,-2,-4,0,3.11,1,-0.66
8.779907,-1,-1,3.68,-2,-2,0,2.74,1,-0.94
8.784912,7,7,3.58,-2,-2,0,2.74,1,-0.84
8.789917,-13,-13,3.55,-2,0,0,3.11,1,-0.44
8.794921,-20,-20,3.53,-2,0,0,3.11,1,-0.42
8.799926,-4,-4,3.52,0,0,0,3.48,1,-0.04
8.804931,-7,-7,3.5,0,0,0,3.48,1,-0.02
8.809936,19,19,3.45,-2,0,0,3.85,1,0.4
8.814941,20,20,3.45,-2,0,0,3.85,1,0.4
8.819946,40,40,3.46,0,-2,0,3.48,1,0.02
8.824951,34,34,3.44,0,-2,0,3.48,1,0.04
8.829956,5,5,3.52,0,2,0,3.48,1,-0.04
8.83496,-8,-8,3.51,0,2,0,3.48,1,-0.0299999999999998
8.839965,-11,-11,3.57,0,2,0,4.22,1,0.65
8.84497,-11,-11,3.58,0,2,0,4.22,1,0.64
8.849975,43,43,3.52,0,0,0,4.23,1,0.71
8.85498,52,52,3.55,0,0,0,4.23,1,0.680000000000001
8.859985,51,51,3.58,0,0,0,3.85,1,0.27
8.86499,48,48,3.48,0,0,0,3.85,1,0.37
8.869995,33,33,3.59,2,2,0,3.85,1,0.26
8.875,22,22,3.55,2,2,0,3.85,1,0.3
8.879882,25,25,3.54,2,2,0,4.6,1,1.06
8.884887,34,34,3.51,2,2,0,4.6,1,1.09
8.889892,91,91,3.53,2,2,0,4.6,1,1.07
8.894897,87,87,3.52,2,2,0,4.6,1,1.08
8.899902,87,87,3.53,0,2,0,4.61,1,1.08
8.904907,91,91,3.46,0,2,0,4.61,1,1.15
8.909912,100,100,3.55,2,2,0,4.23,1,0.680000000000001
8.914917,90,90,3.41,2,2,0,4.23,1,0.82
8.919921,72,72,3.48,2,2,0,4.61,1,1.13
8.924926,62,62,3.44,2,2,0,4.61,1,1.17
8.929931,85,85,3.35,4,2,0,4.61,1,1.26
8.934936,80,80,3.38,4,2,0,4.61,1,1.23
8.939941,51,51,3.6,2,2,0,4.99,1,1.39
8.944946,9,9,3.7,2,2,0,4.99,1,1.29
8.949951,26,26,3.84,4,2,0,4.62,1,0.78
8.954956,24,24,3.81,4,2,0,4.62,1,0.81
8.95996,10,10,3.89,2,2,0,4.99,1,1.1
8.964965,2,2,4.02,2,2,0,4.99,1,0.970000000000001
8.96997,10,10,4.16,2,2,0,4.62,1,0.46
8.974975,4,4,4.19,2,2,0,4.62,1,0.43
8.97998,-8,-8,4.17,2,2,0,4.63,1,0.46
8.984985,9,9,4.22,2,2,0,4.63,1,0.41
8.98999,9,9,4.26,2,0,0,4.63,1,0.37
8.994995,8,8,4.31,2,0,0,4.63,1,0.32
9,14,14,4.28,0,0,0,4.26,1,-0.0200000000000005
9.004882,31,31,4.2,0,0,0,4.26,1,0.0599999999999996
9.009887,19,19,4.22,2,0,0,3.88,1,-0.34
9.014892,15,15,4.2,2,0,0,3.88,1,-0.32
9.019897,-14,-14,4.2,0,0,0,4.26,1,0.0599999999999996
9.024902,-10,-10,4.18,0,0,0,4.26,1,0.0800000000000001
9.029907,23,23,4.1,0,0,0,3.89,1,-0.21
9.034912,35,35,4.08,0,0,0,3.89,1,-0.19
9.039917,11,11,4.05,0,0,0,3.89,1,-0.16
9.044921,10,10,3.99,0,0,0,3.89,1,-0.1
9.049926,12,12,4.01,0,0,0,3.89,1,-0.12
9.054931,7,7,3.97,0,0,0,3.89,1,-0.0800000000000001
9.059936,7,7,3.93,0,0,0,3.89,1,-0.04
9.064941,10,10,3.92,0,0,0,3.89,1,-0.0299999999999998
9.069946,10,10,3.9,0,0,0,3.89,1,-0.00999999999999979
9.074951,9,9,3.88,0,0,0,3.89,1,0.0100000000000002
9.079956,10,10,3.87,0,0,0,3.89,1,0.02
9.08496,9,9,3.84,0,0,0,3.89,1,0.0500000000000003
9.089965,11,11,3.83,0,0,0,3.89,1,0.0600000000000001
9.09497,9,9,3.82,0,0,0,3.89,1,0.0700000000000003
9.099975,8,8,3.82,0,0,0,3.89,1,0.0700000000000003
9.10498,7,7,3.8,0,0,0,3.89,1,0.0900000000000003
9.109985,8,8,3.8,0,0,0,3.89,1,0.0900000000000003
9.11499,7,7,3.78,0,0,0,3.89,1,0.11
9.119995,8,8,3.78,0,0,0,3.89,1,0.11
9.125,6,6,3.77,0,0,0,3.89,1,0.12
9.129882,5,5,3.79,0,0,0,3.89,1,0.1
9.134887,3,3,3.77,0,0,0,3.89,1,0.12
9.139892,3,3,3.77,0,0,0,3.89,1,0.12
9.144897,2,2,3.77,0,0,0,3.89,1,0.12
9.149902,0,0,3.79,0,0,0,3.89,1,0.1
9.154907,-2,-2,3.79,0,0,0,3.89,1,0.1
9.159912,-2,-2,3.79,0,0,0,3.89,1,0.1
9.164917,-2,-2,3.8,0,0,0,3.89,1,0.0900000000000003
9.169921,-5,-5,3.81,0,0,0,3.89,1,0.0800000000000001
9.174926,-6,-6,3.83,0,0,0,3.89,1,0.0600000000000001
9.179931,-7,-7,3.84,0,0,0,3.89,1,0.0500000000000003
9.184936,-9,-9,3.85,0,0,0,3.89,1,0.04
9.189941,-12,-12,3.85,0,0,0,3.89,1,0.04
9.194946,-14,-14,3.88,0,0,0,3.89,1,0.0100000000000002
9.199951,-15,-15,3.89,0,0,0,3.89,1,0
9.204956,-17,-17,3.92,0,0,0,3.89,1,-0.0299999999999998
9.20996,-16,-16,3.91,0,0,0,3.89,1,-0.02
9.214965,-20,-20,3.94,0,0,0,3.89,1,-0.0499999999999998
9.21997,-24,-24,3.97,0,0,0,3.89,1,-0.0800000000000001
9.224975,-27,-27,4.01,0,0,0,3.89,1,-0.12
9.22998,-21,-21,3.98,-2,0,0,3.89,1,-0.0899999999999999
9.234985,-24,-24,4.01,-2,0,0,3.89,1,-0.12
9.23999,-30,-30,4.04,0,0,0,3.51,1,-0.53
9.244995,-61,-61,4.09,0,0,0,3.51,1,-0.58
9.25,-54,-54,4.07,0,-2,0,3.88,1,-0.19
9.254882,-30,-30,4.1,0,-2,0,3.88,1,-0.22
9.259887,-36,-36,4.12,-2,0,0,3.51,1,-0.61
9.264892,-67,-67,4.17,-2,0,0,3.51,1,-0.66
9.269897,-60,-60,4.14,0,0,0,3.51,1,-0.63
9.274902,-62,-62,4.17,0,0,0,3.51,1,-0.66
9.279907,-67,-67,4.19,-2,0,0,3.88,1,-0.31
9.284912,-46,-46,4.24,-2,0,0,3.88,1,-0.36
9.289917,-33,-33,4.18,-2,-2,0,3.51,1,-0.67
9.294921,-61,-61,4.23,-2,-2,0,3.51,1,-0.720000000000001
9.299926,-67,-67,4.25,-2,0,0,3.13,1,-1.12
9.304931,-98,-98,4.33,-2,0,0,3.13,1,-1.2
9.309936,-88,-88,4.3,-2,-2,0,3.5,1,-0.8
9.314941,-52,-52,4.35,-2,-2,0,3.5,1,-0.85
9.319946,-37,-37,4.29,-2,-2,0,3.13,1,-1.16
9.324951,-50,-50,4.29,-2,-2,0,3.13,1,-1.16
9.329956,-31,-31,4.19,-2,-4,0,3.13,1,-1.06
9.33496,-31,-31,4.16,-2,-4,0,3.13,1,-1.03
9.339965,-17,-17,4.06,-2,-2,0,2.75,1,-1.31
9.34497,-17,-17,4.02,-2,-2,0,2.75,1,-1.27
9.349975,-43,-43,3.98,0,-2,0,3.12,1,-0.86
9.35498,-43,-43,3.96,0,-2,0,3.12,1,-0.84
9.359985,-3,-3,3.85,-2,-2,0,3.49,1,-0.36
9.36499,-3,-3,3.78,-2,-2,0,3.49,1,-0.29
9.369995,26,26,3.74,-2,-2,0,3.12,1,-0.62
9.375,21,21,3.75,-2,-2,0,3.12,1,-0.63
9.379882,-12,-12,3.7,-2,0,0,3.11,1,-0.59
9.384887,-8,-8,3.64,-2,0,0,3.11,1,-0.53
9.389892,-2,-2,3.59,-2,0,0,3.49,1,-0.0999999999999996
9.394897,-1,-1,3.59,-2,0,0,3.49,1,-0.0999999999999996
9.399902,21,21,3.55,0,0,0,3.49,1,-0.0599999999999996
9.404907,23,23,3.49,0,0,0,3.49,1,0
9.409912,25,25,3.49,2,0,0,3.86,1,0.37
9.414917,18,18,3.47,2,0,0,3.86,1,0.39
9.419921,35,35,3.5,0,0,0,4.23,1,0.73
9.424926,30,30,3.45,0,0,0,4.23,1,0.78
9.429931,62,62,3.49,0,2,0,3.86,1,0.37
9.434936,59,59,3.45,0,2,0,3.86,1,0.41
9.439941,37,37,3.46,0,2,0,4.23,1,0.77
9.444946,41,41,3.38,0,2,0,4.23,1,0.850000000000001
9.449951,75,75,3.43,2,2,0,4.23,1,0.8
9.454956,67,67,3.41,2,2,0,4.23,1,0.82
9.45996,68,68,3.41,2,2,0,4.61,1,1.2
9.464965,73,73,3.34,2,2,0,4.61,1,1.27
9.46997,109,109,3.41,2,2,0,4.61,1,1.2
9.474975,101,101,3.35,2,2,0,4.61,1,1.26
9.47998,103,103,3.35,2,2,0,4.61,1,1.26
9.484985,110,110,3.3,2,2,0,4.61,1,1.31
9.48999,113,113,3.21,4,4,0,4.62,1,1.41
9.494995,109,109,3.06,4,4,0,4.62,1,1.56
9.5,98,98,3.26,4,2,0,5.37,1,2.11
9.504882,44,44,3.41,4,2,0,5.37,1,1.96
9.509887,57,57,3.6,4,6,0,5,1,1.4
9.514892,40,40,3.59,4,6,0,5,1,1.41
9.519897,18,18,3.74,2,2,0,5.75,1,2.01
9.524902,2,2,3.94,2,2,0,5.75,1,1.81
9.529907,25,25,4.13,4,4,0,4.63,1,0.5
9.534912,11,11,4.22,4,4,0,4.63,1,0.41
9.539917,-59,-59,4.24,2,2,0,5.38,1,1.14
9.544921,-44,-44,4.4,2,2,0,5.38,1,0.98
9.549926,1,1,4.47,2,0,0,4.64,1,0.17
9.554931,3,3,4.63,2,0,0,4.64,1,0.00999999999999979
9.559936,-40,-40,4.61,0,0,0,4.27,1,-0.340000000000001
9.564941,-15,-15,4.59,0,0,0,4.27,1,-0.32
9.569946,-16,-16,4.46,-2,-2,0,3.9,1,-0.56
9.574951,9,9,4.41,-2,-2,0,3.9,1,-0.51
9.579956,-11,-11,4.35,-2,0,0,3.15,1,-1.2
9.58496,-13,-13,4.37,-2,0,0,3.15,1,-1.22
9.589965,-73,-73,4.33,0,0,0,3.52,1,-0.81
9.59497,-73,-73,4.3,0,0,0,3.52,1,-0.78
9.599975,-49,-49,4.29,0,-2,0,3.89,1,-0.4
9.60498,-54,-54,4.31,0,-2,0,3.89,1,-0.419999999999999
9.609985,-33,-33,4.22,-2,0,0,3.52,1,-0.7
9.61499,-21,-21,4.25,-2,0,0,3.52,1,-0.73
9.619995,-50,-50,4.24,0,-2,0,3.52,1,-0.72
9.625,-58,-58,4.26,0,-2,0,3.52,1,-0.74
9.629882,-62,-62,4.21,-2,-2,0,3.52,1,-0.69
9.634887,-51,-51,4.2,-2,-2,0,3.52,1,-0.68
9.639892,-49,-49,4.13,-2,-2,0,3.14,1,-0.99
9.644897,-50,-50,4.22,-2,-2,0,3.14,1,-1.08
9.649902,-87,-87,4.25,-2,-2,0,3.14,1,-1.11
9.654907,-85,-85,4.25,-2,-2,0,3.14,1,-1.11
9.659912,-64,-64,4.09,-2,0,0,3.14,1,-0.95
9.664917,-31,-31,4.06,-2,0,0,3.14,1,-0.919999999999999
9.669921,-23,-23,3.95,-2,-2,0,3.51,1,-0.44
9.674926,-19,-19,4,-2,-2,0,3.51,1,-0.49
9.679931,2,2,3.93,-2,-2,0,3.13,1,-0.8
9.684936,8,8,3.83,-2,-2,0,3.13,1,-0.7
9.689941,-5,-5,3.75,-2,-2,0,3.13,1,-0.62
9.694946,-2,-2,3.66,-2,-2,0,3.13,1,-0.53
9.699951,-8,-8,3.67,-2,-2,0,3.13,1,-0.54
9.704956,-23,-23,3.72,-2,-2,0,3.13,1,-0.59
9.70996,-38,-38,3.69,0,0,0,3.13,1,-0.56
9.714965,-38,-38,3.7,0,0,0,3.13,1,-0.57
9.71997,-37,-37,3.68,0,0,0,3.87,1,0.19
9.724975,-38,-38,3.68,0,0,0,3.87,1,0.19
9.72998,9,9,3.72,0,-2,0,3.87,1,0.15
9.734985,5,5,3.81,0,-2,0,3.87,1,0.0600000000000001
9.73999,4,4,3.7,0,0,0,3.5,1,-0.2
9.744995,22,22,3.64,0,0,0,3.5,1,-0.14
9.75,4,4,3.66,0,0,0,3.87,1,0.21
9.754882,-10,-10,3.67,0,0,0,3.87,1,0.2
9.759887,4,4,3.7,0,0,0,3.87,1,0.17
9.764892,-1,-1,3.72,0,0,0,3.87,1,0.15
9.769897,-2,-2,3.73,0,0,0,3.87,1,0.14
9.774902,-2,-2,3.76,0,0,0,3.87,1,0.11
9.779907,-3,-3,3.79,0,0,0,3.87,1,0.0800000000000001
9.784912,-6,-6,3.8,0,0,0,3.87,1,0.0700000000000003
9.789917,-6,-6,3.82,0,0,0,3.87,1,0.0500000000000003
9.794921,-6,-6,3.85,0,0,0,3.87,1,0.02
9.799926,-8,-8,3.86,0,0,0,3.87,1,0.0100000000000002
9.804931,-5,-5,3.87,0,0,0,3.87,1,0
9.809936,-3,-3,3.86,0,0,0,3.87,1,0.0100000000000002
9.814941,-1,-1,3.89,0,0,0,3.87,1,-0.02
9.819946,-4,-4,3.91,0,0,0,3.87,1,-0.04
9.824951,-6,-6,3.91,0,0,0,3.87,1,-0.04
9.829956,-3,-3,3.9,0,0,0,3.87,1,-0.0299999999999998
9.83496,1,1,3.91,0,0,0,3.87,1,-0.04
9.839965,-2,-2,3.93,0,0,0,3.87,1,-0.0600000000000001
9.84497,-4,-4,3.93,0,0,0,3.87,1,-0.0600000000000001
9.849975,-1,-1,3.92,0,0,0,3.87,1,-0.0499999999999998
9.85498,2,2,3.91,0,0,0,3.87,1,-0.04
9.859985,3,3,3.92,0,0,0,3.87,1,-0.0499999999999998
9.86499,1,1,3.92,0,0,0,3.87,1,-0.0499999999999998
9.869995,3,3,3.92,0,0,0,3.87,1,-0.0499999999999998
9.875,5,5,3.91,0,0,0,3.87,1,-0.04
9.879882,6,6,3.9,0,0,0,3.87,1,-0.0299999999999998
9.884887,7,7,3.89,0,0,0,3.87,1,-0.02
9.889892,8,8,3.9,0,0,0,3.87,1,-0.0299999999999998
9.894897,8,8,3.88,0,0,0,3.87,1,-0.00999999999999979
9.899902,10,10,3.87,0,0,0,3.87,1,0
9.904907,12,12,3.85,0,0,0,3.87,1,0.02
9.909912,15,15,3.86,0,0,0,3.87,1,0.0100000000000002
9.914917,13,13,3.84,0,0,0,3.87,1,0.0300000000000002
9.919921,15,15,3.82,0,0,0,3.87,1,0.0500000000000003
9.924926,18,18,3.78,0,0,0,3.87,1,0.0900000000000003
9.929931,21,21,3.8,0,0,0,3.87,1,0.0700000000000003
9.934936,18,18,3.77,0,0,0,3.87,1,0.1
9.939941,21,21,3.76,2,0,0,3.87,1,0.11
9.944946,25,25,3.71,2,0,0,3.87,1,0.16
9.949951,28,28,3.74,0,2,0,4.24,1,0.5
9.954956,23,23,3.71,0,2,0,4.24,1,0.53
9.95996,51,51,3.7,0,0,0,4.25,1,0.55
9.964965,56,56,3.66,0,0,0,4.25,1,0.59
9.96997,60,60,3.71,0,2,0,3.87,1,0.16
9.974975,49,49,3.67,0,2,0,3.87,1,0.2
9.97998,25,25,3.68,0,0,0,4.25,1,0.57
9.984985,31,31,3.62,0,0,0,4.25,1,0.63
9.98999,62,62,3.65,2,0,0,3.87,1,0.22
9.994995,55,55,3.65,2,0,0,3.87,1,0.22
10,27,27,3.63,2,0,0,4.25,1,0.62
10.004882,32,32,3.52,2,0,0,4.25,1,0.73
10.009887,68,68,3.57,2,0,0,4.25,1,0.68
10.014892,58,58,3.55,2,0,0,4.25,1,0.7
10.019897,57,57,3.54,0,2,0,4.25,1,0.71
10.024902,59,59,3.5,0,2,0,4.25,1,0.75
10.029907,58,58,3.52,2,2,0,4.25,1,0.73
10.034912,49,49,3.43,2,2,0,4.25,1,0.82
10.039917,47,47,3.53,2,2,0,4.63,1,1.1
10.044921,30,30,3.56,2,2,0,4.63,1,1.07
10.049926,47,47,3.55,2,2,0,4.63,1,1.08
10.054931,47,47,3.54,2,2,0,4.63,1,1.09
10.059936,42,42,3.68,2,2,0,4.63,1,0.95
10.064941,20,20,3.75,2,2,0,4.63,1,0.88
10.069946,15,15,3.75,2,2,0,4.63,1,0.88
10.074951,22,22,3.67,2,2,0,4.63,1,0.96
10.079956,26,26,3.8,2,0,0,4.64,1,0.84
10.08496,4,4,3.92,2,0,0,4.64,1,0.72
10.089965,-11,-11,4.02,0,2,0,4.26,1,0.24
10.09497,-13,-13,3.99,0,2,0,4.26,1,0.27
10.099975,-25,-25,4.03,2,2,0,4.27,1,0.239999999999999
10.10498,-29,-29,4.2,2,2,0,4.27,1,0.0699999999999994
10.109985,-47,-47,4.25,0,0,0,4.64,1,0.39
10.11499,-42,-42,4.3,0,0,0,4.64,1,0.34
10.119995,0,0,4.22,0,0,0,3.9,1,-0.32
10.125,22,22,4.14,0,0,0,3.9,1,-0.24
10.129882,-21,-21,4.2,0,0,0,3.9,1,-0.3
10.134887,-35,-35,4.25,0,0,0,3.9,1,-0.35
10.139892,-45,-45,4.24,0,0,0,3.9,1,-0.34
10.144897,-42,-42,4.28,0,0,0,3.9,1,-0.38
10.149902,-41,-41,4.19,-2,0,0,3.9,1,-0.29
10.154907,-32,-32,4.26,-2,0,0,3.9,1,-0.36
10.159912,-40,-40,4.28,-2,0,0,3.52,1,-0.76
10.164917,-50,-50,4.31,-2,0,0,3.52,1,-0.79
10.169921,-79,-79,4.29,-2,0,0,3.52,1,-0.77
10.174926,-73,-73,4.33,-2,0,0,3.52,1,-0.81
10.179931,-78,-78,4.33,-2,-2,0,3.52,1,-0.81
10.184936,-84,-84,4.39,-2,-2,0,3.52,1,-0.87
10.189941,-90,-90,4.35,-2,-4,0,3.14,1,-1.21
10.194946,-82,-82,4.39,-2,-4,0,3.14,1,-1.25
10.199951,-105,-105,4.35,-2,-2,0,2.77,1,-1.58
10.204956,-108,-108,4.49,-2,-2,0,2.77,1,-1.72
10.20996,-146,-146,4.62,-4,-4,0,3.14,1,-1.48
10.214965,-136,-136,4.57,-4,-4,0,3.14,1,-1.43
10.21997,-62,-62,4.3,-2,-2,0,2.39,1,-1.91
10.224975,-7,-7,4.24,-2,-2,0,2.39,1,-1.85
10.22998,-49,-49,4.13,-2,-4,0,3.13,1,-1
10.234985,-47,-47,4.08,-2,-4,0,3.13,1,-0.95
10.23999,6,6,3.93,-4,-4,0,2.75,1,-1.18
10.244995,14,14,3.86,-4,-4,0,2.75,1,-1.11
10.25,-17,-17,3.86,-2,-2,0,2.38,1,-1.48
10.254882,-26,-26,3.76,-2,-2,0,2.38,1,-1.38
10.259887,-48,-48,3.71,0,-2,0,3.12,1,-0.59
10.264892,-50,-50,3.7,0,-2,0,3.12,1,-0.58
10.269897,-7,-7,3.64,-2,-2,0,3.49,1,-0.15
10.274902,-6,-6,3.72,-2,-2,0,3.49,1,-0.23
10.279907,15,15,3.63,-2,-2,0,3.12,1,-0.51
10.284912,30,30,3.46,-2,-2,0,3.12,1,-0.34
10.289917,24,24,3.44,0,0,0,3.11,1,-0.33
10.294921,16,16,3.38,0,0,0,3.11,1,-0.27
10.299926,4,4,3.4,0,0,0,3.86,1,0.46
10.304931,-11,-11,3.44,0,0,0,3.86,1,0.42
10.309936,29,29,3.45,0,0,0,3.86,1,0.41
10.314941,22,22,3.48,0,0,0,3.86,1,0.38
10.319946,19,19,3.53,0,0,0,3.86,1,0.33
10.324951,19,19,3.47,0,0,0,3.86,1,0.39
10.329956,27,27,3.51,0,0,0,3.86,1,0.35
10.33496,25,25,3.52,0,0,0,3.86,1,0.34
10.339965,22,22,3.54,2,0,0,3.86,1,0.32
10.34497,22,22,3.51,2,0,0,3.86,1,0.35
10.349975,28,28,3.55,0,2,0,4.23,1,0.680000000000001
10.35498,26,26,3.52,0,2,0,4.23,1,0.71
10.359985,59,59,3.52,2,0,0,4.23,1,0.71
10.36499,62,62,3.46,2,0,0,4.23,1,0.77
10.369995,66,66,3.57,2,0,0,4.24,1,0.67
10.375,54,54,3.51,2,0,0,4.24,1,0.73
10.379882,59,59,3.52,0,2,0,4.24,1,0.72
10.384887,67,67,3.45,0,2,0,4.24,1,0.79
10.389892,75,75,3.51,2,2,0,4.24,1,0.73
10.394897,64,64,3.47,2,2,0,4.24,1,0.77
10.399902,64,64,3.45,2,2,0,4.61,1,1.16
10.404907,68,68,3.42,2,2,0,4.61,1,1.19
10.409912,92,92,3.4,2,2,0,4.62,1,1.22
10.414917,81,81,3.34,2,2,0,4.62,1,1.28
10.419921,65,65,3.54,4,2,0,4.62,1,1.08
10.424926,28,28,3.66,4,2,0,4.62,1,0.96
10.429931,13,13,3.72,2,4,0,4.99,1,1.27
10.434936,13,13,3.69,2,4,0,4.99,1,1.3
10.439941,45,45,3.82,2,2,0,5,1,1.18
10.444946,25,25,3.9,2,2,0,5,1,1.1
10.449951,12,12,4.04,4,2,0,4.63,1,0.59
10.454956,7,7,4.03,4,2,0,4.63,1,0.6
10.45996,-9,-9,4.11,2,2,0,5,1,0.89
10.464965,-12,-12,4.24,2,2,0,5,1,0.76
10.46997,1,1,4.31,2,2,0,4.63,1,0.32
10.474975,5,5,4.35,2,2,0,4.63,1,0.28
10.47998,-7,-7,4.31,2,0,0,4.64,1,0.33
10.484985,11,11,4.31,2,0,0,4.64,1,0.33
10.48999,15,15,4.38,0,0,0,4.26,1,-0.12
10.494995,8,8,4.42,0,0,0,4.26,1,-0.16
10.5,-15,-15,4.36,0,0,0,3.89,1,-0.47
10.504882,3,3,4.32,0,0,0,3.89,1,-0.43
10.509887,-13,-13,4.28,0,-2,0,3.89,1,-0.39
10.514892,-10,-10,4.27,0,-2,0,3.89,1,-0.379999999999999
10.519897,-11,-11,4.23,0,0,0,3.52,1,-0.71
10.524902,-8,-8,4.19,0,0,0,3.52,1,-0.67
10.529907,-32,-32,4.16,0,0,0,3.89,1,-0.27
10.534912,-32,-32,4.16,0,0,0,3.89,1,-0.27
10.539917,-11,-11,4.15,0,0,0,3.89,1,-0.26
10.544921,-13,-13,4.14,0,0,0,3.89,1,-0.25
10.549926,-12,-12,4.08,0,-2,0,3.89,1,-0.19
10.554931,-7,-7,4.08,0,-2,0,3.89,1,-0.19
10.559936,-11,-11,4.1,0,0,0,3.52,1,-0.58
10.564941,-18,-18,4.12,0,0,0,3.52,1,-0.6
10.569946,-46,-46,4.08,0,0,0,3.89,1,-0.19
10.574951,-41,-41,4.08,0,0,0,3.89,1,-0.19
10.579956,-17,-17,4.09,0,0,0,3.89,1,-0.2
10.58496,-23,-23,4.13,0,0,0,3.89,1,-0.24
10.589965,-27,-27,4.09,0,0,0,3.89,1,-0.2
10.59497,-22,-22,4.1,0,0,0,3.89,1,-0.21
10.599975,-25,-25,4.13,0,0,0,3.89,1,-0.24
10.60498,-31,-31,4.17,0,0,0,3.89,1,-0.28
10.609985,-36,-36,4.13,0,-2,0,3.89,1,-0.24
10.61499,-29,-29,4.15,0,-2,0,3.89,1,-0.26
10.619995,-31,-31,4.18,0,0,0,3.52,1,-0.66
10.625,-39,-39,4.23,0,0,0,3.52,1,-0.71
10.629882,-72,-72,4.2,-2,0,0,3.89,1,-0.31
10.634887,-64,-64,4.22,-2,0,0,3.89,1,-0.33
10.639892,-39,-39,4.24,0,-2,0,3.51,1,-0.73
10.644897,-47,-47,4.3,0,-2,0,3.51,1,-0.79
10.649902,-80,-80,4.26,-2,-2,0,3.51,1,-0.75
