time,spd_kp_0.27_ki_0.0043_pwma,spd_kp_0.291_ki_0.00290_pwma,spd_kp_0.27_ki_0.0043_pwmb,spd_kp_0.291_ki_0.00290_pwmb,spd_kp_0.27_ki_0.0043_pitch,spd_kp_0.291_ki_0.00290_pitch,spd_kp_0.27_ki_0.0043_motor_a_speed,spd_kp_0.291_ki_0.00290_motor_a_speed,spd_kp_0.27_ki_0.0043_motor_b_speed,spd_kp_0.291_ki_0.00290_motor_b_speed,spd_kp_0.27_ki_0.0043_target_angle,spd_kp_0.291_ki_0.00290_target_angle,spd_kp_0.27_ki_0.0043_angle_error,spd_kp_0.291_ki_0.00290_angle_error
0,27,-82,27,-82,3.15,4.6,-2,2,-2,2,2.61,4.66,-0.54,0.0600000000000005
0.005,6.02097902097406,-57.024975024978,6.02097902097406,-57.024975024978,3.09005994005993,4.66993006993006,-2,2,-2,2,2.61,4.66,-0.480059940059926,-0.00993006993006145
0.01,6,-47.0199800199824,6,-47.0199800199824,3.02013986013985,4.77978021978019,-0.00399600399576694,0.00399600399647682,-2,0.00399600399647682,2.86948051948055,4.091138861139,-0.150659340659302,-0.688641358641198
0.015,26.9370629370629,-84.8861138861004,26.9370629370629,-84.8861138861004,2.94023976023976,4.90961038961034,0,0,-2,0,2.87,4.09,-0.07023976023976,-0.819610389610343
0.02,28.9920079920085,-80.0199800199788,28.9920079920085,-80.0199800199788,2.85035964035962,4.78051948051945,0,0,-2,0,-4.93867132867318,-5.18279720279938,-7.78903096903279,-9.96331668331883
0.025,-555.18465227816,-751.745454545457,-555.18465227816,-751.745454545457,2.81019184652278,4.7198041958042,0,0,-2,-0.0391608391604883,-4.97,-5.22176223776222,-7.78019184652278,-9.94156643356642
0.03,-561.976823176824,-739.16723276723,-561.976823176824,-739.16723276723,2.81,4.71408791208785,0,0,-2,-2,-5.10918881118884,-5.31,-7.91918881118884,-10.0240879120878
0.035,-578.884515484517,-748.404395604386,-578.884515484517,-748.404395604386,2.79013586413586,4.93193406593402,0,-0.0351648351640371,-2,-2.03516483516404,-5.11,-5.31650549450535,-7.90013586413586,-10.2484395604394
0.04,-580.984415584416,-771.464335664341,-580.984415584416,-771.464335664341,3.13727272727272,5.04530669330675,0,-2,-0.0155844155844764,-4,-5.23898701298701,-5.68,-8.37625974025973,-10.7253066933068
0.045,-618.665934065942,-799.015584415584,-618.665934065942,-799.015584415584,3.36797802197807,5.36187012987014,0,-2.12467532467581,0,-4.12467532467581,-5.24,-5.69059740259744,-8.60797802197807,-11.0524675324676
0.05,-617.01958041958,-800,-617.01958041958,-800,3.3600979020979,5.47679120879122,-7.92167832167903,-10,-7.92167832167903,-12,-5.10137062937062,-6.36,-8.46146853146852,-11.8367912087912
0.055,-532.801398601388,-798.423976023996,-532.801398601388,-798.423976023996,2.85955244755242,5.25293506493516,-8.00279720279735,-10.054345654345,-8.00279720279735,-12.054345654345,-5.10320279720297,-6.3928791208787,-7.96275524475539,-11.6458141858139
0.06,-391.031175059949,-684.176258992802,-391.031175059949,-684.176258992802,2.53980415667468,4.73282374100736,-10,-14,-10,-16,-7.39,-8.78,-9.92980415667468,-13.5128237410074
0.065,-468.968824940051,-696.502897102923,-468.968824940051,-696.502897102923,2.05019584332532,4.1617482517484,-10,-14.070729270728,-10,-16.094305694304,-7.39,-8.79508891108865,-9.44019584332532,-12.956837162837
0.07,-387.114685314662,-570.687112887122,-387.114685314662,-570.687112887122,1.6905034965034,3.462231768232,-15.9916083916101,-20,-15.9916083916101,-24,-8.09900699300719,-10.06,-9.78951048951059,-13.522231768232
0.075,-371.038361638359,-540.874125874176,-371.038361638359,-540.874125874176,1.10141458541449,2.741384615385,-16,-20.0391608391591,-16,-24,-8.1,-10.0812447552438,-9.20141458541449,-12.8226293706288
0.08,-284.295504495501,-427.263736263741,-284.295504495501,-427.263736263741,0.60169830169828,1.86261538461526,-17.9932067932069,-24,-17.9932067932069,-24,-9.88392007992016,-12.23,-10.4856183816184,-14.0926153846153
0.085,-336.767032967048,-456.189610389607,-336.767032967048,-456.189610389607,-0.017274725274899,1.02033766233762,-18,-24.0467532467534,-18,-24.0623376623379,-9.89,-12.2356883116883,-9.8727252747251,-13.256025974026
0.09,-240.523276723261,-352.25954045955,-240.523276723261,-352.25954045955,-1.01460539460556,-0.217132867132774,-21.9784215784222,-30,-21.9784215784222,-32,-10.6260079920081,-12.96,-9.61140259740255,-12.7428671328672
0.095,-167.46673326673,-243.339460539484,-167.46673326673,-243.339460539484,-2.14277522477527,-1.26631568431546,-22,-29.988411588412,-22,-32,-10.63,-12.9718201798198,-8.48722477522472,-11.7055044955043
0.1,-42.924075924041,-130.254145854129,-42.924075924041,-130.254145854129,-2.83489910089929,-2.3562817182813,-20.0147852147847,-28,-22,-32,-11.9005374625378,-15,-9.06563836163853,-12.6437182817187
0.105,-72.7398601398652,-182.593725020031,-72.7398601398652,-182.593725020031,-4.14892307692329,-3.66542965627435,-20,-28.0151878497185,-22,-32.0075939248592,-11.91,-15,-7.76107692307671,-11.3345703437257
0.11,42.9244604316837,-75.6643356643754,42.9244604316837,-75.6643356643754,-5.19043964828163,-5.09287712287678,-21.9816147082339,-32,-20.0183852917661,-34,-11.8703677058353,-15,-6.67992805755369,-9.90712287712322
0.115,130.113486513498,36.1478521478173,130.113486513498,36.1478521478173,-6.20960639360653,-6.05285714285647,-22,-31.9960039960049,-20,-33.9960039960049,-11.87,-15,-5.66039360639347,-8.94714285714353
0.12,193.050949050955,110.108891108904,193.050949050955,110.108891108904,-7.3509090909092,-7.48121878121892,-18,-30,-18,-32,-12.08,-15,-4.7290909090908,-7.51878121878108
0.125,244,219,244,219,-8.26,-8.7,-18,-30,-18,-32,-12.08,-15,-3.82,-6.3
0.13,285.958041958052,309.90909090908,285.958041958052,309.90909090908,-9.10915084915105,-10.2484515484514,-14.0039960039951,-28.0019980019982,-14.0039960039951,-28.0039960039965,-11.4905894105893,-15,-2.38143856143822,-4.75154845154863
0.135,364.842157842167,426.766233766206,364.842157842167,426.766233766206,-10.0082017982019,-12.0164635364631,-14,-28,-14,-28,-11.49,-15,-1.48179820179809,-2.98353646353688
0.14,409.865134865135,559.601398601352,409.865134865135,559.601398601352,-11.1864635364635,-13.3061338661334,-12.005994005994,-20.0239760239788,-14,-22.0179820179841,-10.6226073926074,-14.99002997003,0.56385614385615,-1.68389610389656
0.145,542.468531468563,619.760239760254,542.468531468563,619.760239760254,-12.0067232767235,-14.4454445554448,-12,-20,-14,-22,-10.62,-14.99,1.38672327672347,-0.544555444555181
0.15,552.952038369304,628.525874125851,552.952038369304,628.525874125851,-12.6270263788969,-15.1989930069928,-6.02877697841745,-18,-6.03836930455661,-18,-10.5403836930456,-13.12,2.0866426858513,2.07899300699284
0.155,527.150649350644,755.706093906083,527.150649350644,755.706093906083,-12.799014985015,-16.1743416397599,-6,-17.8885114885133,-6,-17.9256743256755,-10.54,-13.1066213786216,2.25901498501502,3.06772026113826
0.16,475.353246753242,793.123076923074,475.353246753242,793.123076923074,-13.4058561438562,-17.4782847318677,-4.01358641358624,-12,-4.01358641358624,-14,-8.84161638361623,-12.4,4.56423976023997,5.07828473186772
0.165,619.862337662334,800,619.862337662334,800,-13.9557142857143,-18.5092866967034,-4,-11.834165834164,-4,-13.8009990009968,-8.83,-12.3781098901097,5.12571428571427,6.13117680659375
0.17,643.797802197807,800,643.797802197807,800,-14.6141978021979,-19.0643626519481,3.92967032967197,-2,3.92967032967197,-2,-8.45334065934058,-11.08,6.16085714285736,7.98436265194807
0.175,690.539860139864,800,690.539860139864,800,-14.9467692307693,-19.3452507638361,4,-1.94165834165856,4,-1.97082917082928,-8.45,-11.0352227772229,6.49676923076926,8.3100279866132
0.18,648.130069930077,800,648.130069930077,800,-15.0401538461539,-19.7089680329669,4,2,6,0,-6.44,-8.01,8.60015384615385,11.6989680329669
0.185,740.988009592327,800,740.988009592327,800,-15.150135891287,-20.3636520665467,4.00319744204601,2.1007194244581,6.00239808153451,0.125899280572626,-6.43993605115908,-8.00017985611534,8.71019984012788,12.3634722104313
0.19,711.011990407673,800,711.011990407673,800,-15.489864108713,-20.6495284833167,11.996802557954,10,11.9976019184655,10,-6.28006394884092,-7.23,9.20980015987212,13.4195284833167
0.195,718.988811188813,800,718.988811188813,800,-15.3402097902097,-20.6070879022978,12,10.0431568431556,12,10.0431568431556,-6.28,-7.20259540459623,9.06020979020975,13.4044924977016
0.2,647.172627372616,800,647.172627372616,800,-15.1504555444555,-20.3399020979021,15.9904095904102,14,12,14,-4.49429170829141,-4.69,10.6561638361641,15.6499020979021
0.205,704.802997003,800,704.802997003,800,-14.9905434565434,-20.3283296615384,16,14.0703296703309,12,14.0527472527482,-4.49,-4.6803296703295,10.5005434565434,15.6479999912089
0.21,659.202197802185,800,659.202197802185,800,-15.0198681318681,-20.1377392675325,19.9824175824187,22,19.9648351648374,20,-4.03202197802185,-3.59,10.9878461538463,16.5477392675325
0.215,669.940659340661,800,669.940659340661,800,-14.5425894105893,-19.847010989011,20,22.0135864135862,20,20.0271728271725,-4.03,-3.57648151848169,10.5125894105893,16.2705294705293
0.22,581.569030969027,800,581.569030969027,800,-14.1524935064935,-19.408841153047,23.9744255744258,24,21.9872127872129,24,-2.48991008991002,-1.6,11.6625834165835,17.808841153047
0.225,615.741258741269,800,615.741258741269,800,-13.6934005994005,-19.2075055030971,24,24.0383616383591,22,24.0287712287693,-2.48,-1.59592407592435,11.2134005994005,17.6115814271727
0.23,553.528671328661,800,553.528671328661,800,-13.4123496503496,-18.6872671794568,27.9664335664342,32,25.9664335664342,30,-1.71646153846141,-0.75,11.6958881118882,17.9372671794568
0.235,564.889688249404,800,564.889688249404,800,-12.7956994404475,-17.9678111908094,28,32,26,30.0059940059933,-1.71,-0.743946053946765,11.0856994404475,17.2238651368627
0.24,477.896703296692,800,477.896703296692,800,-12.1565214785214,-17.239160839161,28,32,27.9796203796206,32,-0.670699300699165,1.27,11.4858221778222,18.509160839161
0.245,469.937062937056,800,469.937062937056,800,-11.5391908091907,-16.8193506493506,28.0059940059947,32.0059940059947,28.0039960039965,32.0039960039965,-0.65975024975022,1.27029970029974,10.8794405594405,18.0896503496503
0.25,407,800,407,800,-10.73,-16.17,34,38,32,36,-0.41,1.57,10.32,17.74
0.255,354.052947052934,800,354.052947052934,800,-9.920809190809,-15.3208491508493,34,38,32,36,-0.41,1.57,9.510809190809,16.8908491508493
0.26,276.155844155835,774.051948051954,276.155844155835,774.051948051954,-9.2114185814185,-14.4018381618384,32.0039960039958,38,30.0039960039958,37.9960039960035,0.927322677322838,3.02708291708257,10.1387412587413,17.428921078921
0.265,316.877122877123,785.964035964032,316.877122877123,785.964035964032,-8.48218781218781,-13.7818581418584,32,38,30,38,0.93,3.03,9.41218781218781,16.8118581418584
0.27,261.223776223763,726.239760239746,261.223776223763,726.239760239746,-7.59355644355623,-12.9035164835163,35.9840159840169,41.9840159840169,33.9840159840169,41.9840159840169,0.412077922077798,3.33876123876131,8.00563436563403,16.2422777222776
0.275,149.537170263792,657.100699300716,149.537170263792,657.100699300716,-6.62465227817748,-11.9986573426575,36,42,34,42,0.41,3.36310489510469,7.03465227817748,15.3617622377622
0.28,74.4345654345498,561.684115884121,74.4345654345498,561.684115884121,-6.08312887112876,-10.91624975025,32.023176823176,42,30.023176823176,42,1.48374225774248,4.52,7.56687112887124,15.43624975025
0.285,126.639960039965,543.751648351676,126.639960039965,543.751648351676,-4.98747252747242,-10.1697802197807,32,42.0703296703281,30,42.0703296703281,1.49,4.52070329670328,6.47747252747242,14.690483516484
0.29,62.5064935064958,472.242157842139,62.5064935064958,472.242157842139,-4.3152207792208,-9.02242157842139,32,46,30,46,0.438259740259777,4.56,4.75348051948058,13.5824215784214
0.295,-45.050549450571,366.394805194799,-45.050549450571,366.394805194799,-3.61615384615371,-7.96238961038955,32,46,30,46,0.43,4.57870129870137,4.04615384615371,12.5410909090909
0.3,-63.8237762237778,265,-63.8237762237778,265,-2.97626573426568,-6.83395604395611,28.0391608391605,46,28.0195804195802,46,0.439902097902099,5.76,3.41616783216778,12.5939560439561
0.305,-75.004195804196,263.858741258756,-75.004195804196,263.858741258756,-2.47917482517478,-5.73084315684341,27.9972027972027,46.0271728271725,27.9944055944053,46.0271728271725,0.438867132867073,5.76054345654345,2.91804195804186,11.4913866133869
0.31,-78.0275779376469,179.589928057587,-78.0275779376469,179.589928057587,-1.88981614708235,-4.32615107913701,26,48,24,48,-0.37,5.8,1.51981614708235,10.126151079137
0.315,-146.972422062353,68.0805194805355,-146.972422062353,68.0805194805355,-1.43018385291765,-3.22373226773255,26,47.952847152848,24,47.952847152848,-0.37,5.80742657342644,1.06018385291765,9.03115884115899
0.32,-144.004195804195,-9.37762237761106,-144.004195804195,-9.37762237761106,-0.990615384615261,-1.847376623377,22.0055944055933,44,22.0027972027966,44,-1.18885314685338,6.43,-0.198237762238116,8.277376623377
0.325,-197.870529470538,-44.5972027971764,-197.870529470538,-44.5972027971764,-0.690719280719231,-0.678741258741757,22,43.9608391608409,22,43.9608391608409,-1.19,6.41913286713335,-0.499280719280769,7.09787412587511
0.33,-175.078121878121,-106.265934065956,-175.078121878121,-106.265934065956,-0.530543456543449,0.46975824175841,16.0203796203793,40,16.0203796203793,40,-2.01718081918086,5.32,-1.48663736263741,4.85024175824159
0.335,-201.881318681326,-249.24155844156,-201.881318681326,-249.24155844156,-0.370703296703251,1.57748051948055,16,39.968831168831,16,39.968831168831,-2.02,5.31127272727269,-1.64929670329675,3.73379220779214
0.34,-165.199600399594,-280.65214785214,-165.199600399594,-280.65214785214,-0.12134865134861,2.53570629370622,16,36,14.0107892107889,36,-3.66109890109918,4.2,-3.53975024975057,1.66429370629378
0.345,-258.399000999006,-375.924675324678,-258.399000999006,-375.924675324678,-0.249168831168838,3.37411388611374,16,35.976823176824,14,35.965234765236,-3.67,4.19339460539483,-3.42083116883116,0.819280719281089
0.35,-191.502697302678,-363.359640359617,-191.502697302678,-363.359640359617,-0.359186813186845,4.08345254745232,10.0443556443539,32,10.0295704295693,30,-3.99756043956053,3.06,-3.63837362637369,-1.02345254745232
0.355,-139.436363636355,-437.924060751408,-139.436363636355,-437.924060751408,-0.736811188811249,4.80174660271762,10,31.9696243005631,10,29.9772182254223,-4,3.05457034372566,-3.26318881118875,-1.74717625899196
0.36,-48.8365307753574,-417.943056943064,-48.8365307753574,-417.943056943064,-0.868804956035204,5.26065934065926,8.0183852917661,24,6.03677058353219,24,-5.40694644284607,1.63,-4.53814148681087,-3.63065934065926
0.365,-94.521078921085,-399.085914085894,-94.521078921085,-399.085914085894,-1.45398801198809,5.47998001998003,8,23.9880119880148,6,23.9840159840198,-5.42,1.62592407592504,-3.96601198801191,-3.85405594405498
0.37,7.01898101898325,-441.912087912078,7.01898101898325,-441.912087912078,-1.97055944055951,5.46995004995004,4,18,2,16,-6.31,-0.41,-4.33944055944049,-5.87995004995004
0.375,26,-354,26,-354,-2.53,5.42,4,18,2,16,-6.31,-0.41,-3.78,-5.83
0.38,106.9190809191,-425.928071928064,106.9190809191,-425.928071928064,-3.2592707292709,5.3101098901099,2.00199800199753,14.0039960039965,2,12.0039960039965,-7.48882117882146,-2.45795204795181,-4.22955044955056,-7.76806193806171
0.385,107.998001998002,-324.20379620382,107.998001998002,-324.20379620382,-3.9685814185815,4.98065934065942,2,14,2,12,-7.49,-2.46,-3.5214185814185,-7.44065934065942
0.39,188.757242757243,-296.083916083926,188.757242757243,-296.083916083926,-4.80748251748252,4.50143856143873,2,6.02397602397884,0.00599400599400024,6.01798201798413,-7.87883116883117,-3.6663736263732,-3.07134865134865,-8.16781218781193
0.395,237.804195804208,-189.427572427547,237.804195804208,-189.427572427547,-5.59684315684335,3.99203796203784,2,6,0,6,-7.88,-3.67,-2.28315684315665,-7.66203796203784
0.4,299.702637889687,-231.865734265753,299.702637889687,-231.865734265753,-6.64496402877695,3.38629370629383,0.00959232613914018,2,0,2,-8.26812949640287,-5.75,-1.62316546762592,-9.13629370629383
0.405,346.727672327682,-124.256743256755,346.727672327682,-124.256743256755,-7.2962337662339,2.68383416583442,0,1.88851148851322,0,1.88851148851322,-8.27,-5.7730409590406,-0.973766233766098,-8.45687512487502
0.41,372.823376623379,-82.784615384665,372.823376623379,-82.784615384665,-7.9058561438562,1.81417582417618,3.97282717282755,-4,3.97282717282755,-4,-8.65735064935069,-6.99,-0.751494505494485,-8.80417582417618
0.415,356.132467532468,40.751248751246,356.132467532468,40.751248751246,-8.36641558441557,0.911758241758037,4,-4.03316683316721,4,-4.03316683316721,-8.66,-7.02018181818216,-0.293584415584427,-7.9319400599402
0.42,366.903296703299,27.6831168831232,366.903296703299,27.6831168831232,-9.1530549450551,-0.186207792207853,4,-6,4,-6,-7.71835164835146,-8.81,1.43470329670364,-8.62379220779215
0.425,497.707692307704,134.977222777219,497.707692307704,134.977222777219,-10.1304055944057,-1.22939860139852,4,-6,4,-6,-7.71,-8.81991808191804,2.42040559440568,-7.59051948051952
0.43,577.015384615385,202.37222777221,577.015384615385,202.37222777221,-10.8104475524476,-2.55657542457521,10,-6,10,-6,-7.82,-9.49,2.99044755244758,-6.93342457542479
0.435,587.989208633095,302.969424460409,587.989208633095,302.969424460409,-11.1302158273381,-3.77384892086299,9.9992006394885,-6,9.9992006394885,-5.97482014388547,-7.81940047961637,-9.4913848920863,3.31081534772173,-5.71753597122331
0.44,561.010791366905,380.167032967013,561.010791366905,380.167032967013,-11.6697841726619,-4.87485314685289,8.0007993605115,-6,8.0007993605115,-4,-6.32059952038363,-9.6,5.34918465227827,-4.72514685314711
0.445,691.81678321682,479.229970029933,691.81678321682,479.229970029933,-12.2192307692309,-6.13391808191766,8,-5.97842157842222,8,-4.02157842157778,-6.32,-9.59795004995011,5.89923076923092,-3.46403196803245
0.45,729.908891108897,592.988811188767,729.908891108897,592.988811188767,-13.0280579420581,-7.42458741258677,15.9808191808205,-4,15.9808191808205,-6,-6.93851348651359,-9.41,6.08954445554449,-1.98541258741323
0.455,731.993206793207,693.641758241769,731.993206793207,693.641758241769,-13.3588791208791,-8.91301098901121,16,-3.96483516483456,16,-5.96483516483456,-6.94,-9.41087912087914,6.41887912087914,-0.497868131867922
0.46,705.118681318674,766.171428571429,705.118681318674,766.171428571429,-13.5491648351649,-10.3884935064935,16,0,14.0087912087906,-2,-4.88905494505436,-9.51,8.66010989011053,0.878493506493545
0.465,799.487512487528,788.081518481518,799.487512487528,788.081518481518,-13.8583276723277,-11.474959040959,16,0.0407592407587443,14,-1.95924075924126,-4.88,-9.50279920079929,8.97832767232772,1.97215984015969
0.47,800,800,800,800,-14.2673786213786,-12.204809190809,21.9616383616387,6,19.9616383616387,4,-5.20789010989013,-8.45,9.05948851148852,3.75480919080902
0.475,800,800,800,800,-14.3692607392608,-13.034699300699,22,6,20,4.00959040958977,-5.21,-8.44203996004049,9.15926073926077,4.5926593406585
0.48,767.276923076918,800,767.276923076918,800,-14.6278181818182,-14.0148221422856,25.9664335664342,6,23.9664335664342,6,-3.66309090909066,-6.79,10.9647272727276,7.22482214228561
0.485,799.696642685859,800,799.696642685859,800,-14.570551558753,-15.2822177822175,26,6.02397602397316,24,6.02397602397316,-3.65,-6.7893706293707,10.920551558753,8.49284715284681
0.49,800,800,800,800,-14.7085734265734,-16.0210389630367,27.9796203796206,14,29.9388611388619,14,-2.62059740259727,-6.58,12.0879760239762,9.44103896303672
0.495,799.998001998002,800,799.998001998002,800,-14.4998801198801,-16.5402607382618,28.0059940059947,14.0039960039965,30.0019980019982,14.0019980019982,-2.60894105894093,-6.57774225774199,11.8909390609392,9.96251848051978
0.5,798,800,798,800,-14.38,-16.799999,34,18,32,16,-1.55,-4.32,12.83,12.479999
0.505,799.998001998002,800,799.998001998002,800,-14.1502297702297,-17.2994994995004,34,18,32,16,-1.55,-4.32,12.6002297702297,12.9794994995004
0.51,778.043956043953,800,778.043956043953,800,-13.9703596403596,-17.6992017952047,35.9960039960042,23.9880119880106,35.9920079920085,21.9880119880106,-0.482137862137734,-3.49165834165854,13.4882217782219,14.2075434535462
0.515,799.934065934066,800,799.934065934066,800,-13.4615284715285,-18.058920084915,36,24,36,22,-0.48,-3.49,12.9815284715285,14.568920084915
0.52,749.203796203784,800,749.203796203784,800,-13.230919080919,-18.1596003956044,37.9920079920085,25.9920079920085,37.9920079920085,23.9920079920085,0.346683316683515,-1.78683316683276,13.5776023976025,16.3727672287717
0.525,768.904076738609,800,768.904076738609,800,-12.7124940047962,-18.4003916083916,38,26.156643356642,38,24.1174825174815,0.35,-1.76903496503506,13.0624940047962,16.6313566433565
0.53,704.37662337661,800,704.37662337661,800,-12.3222597402597,-18.4198141858142,39.988411588412,34,39.988411588412,30,0.906755244755362,-1.22,13.229014985015,17.1998141858142
0.535,691.08831168831,800,691.08831168831,800,-11.5850269730269,-18.4073626373627,40,34,40,30.035164835164,0.91,-1.18448351648431,12.4950269730269,17.2228791208784
0.54,607.654545454547,800,607.654545454547,800,-11.1434285714286,-18.2603316849151,41.9844155844155,34,43.9688311688311,32,1.48548051948051,0.8,12.6289090909091,19.0603316849151
0.545,597.08791208791,800,597.08791208791,800,-10.5254505494504,-18.2765723974026,42,34.0935064935069,44,32.0935064935069,1.49,0.804675324675346,12.0154505494504,19.0812477220779
0.55,536.597202797197,800,536.597202797197,800,-10.014993006993,-18.0562067922078,43.9804195804198,40,44,38,2.3316783216784,1.1,12.3466713286714,19.1562067922078
0.555,547.885314685308,800,547.885314685308,800,-9.10927272727268,-17.7951079182818,44,40,44.0027972027974,38,2.34046153846157,1.12377622377593,11.4497342657343,18.9188841420577
0.56,465.992006394885,800,465.992006394885,800,-8.58976818545166,-17.4386160953238,44,40,46,38,2.67,2.85,11.2597681854517,20.2886160953238
0.565,446.007993605115,800,446.007993605115,800,-8.01023181454833,-17.3258741258742,44,40.0471528471521,46,38.0471528471521,2.67,2.85035364635364,10.6802318145483,20.1762277722278
0.57,409.051748251737,800,409.051748251737,800,-7.27103496503475,-16.9752527580421,45.9972027972034,44,46,42,2.99953846153856,2.88,10.2705734265733,19.8552527580421
0.575,380.069530469525,800,380.069530469525,800,-6.46194205794192,-16.5358891118883,46,44,46,42.0195804195796,3,2.89165034964985,9.46194205794192,19.4275394615381
0.58,320.203796203794,800,320.203796203794,800,-5.89193606393604,-16.1189460461538,44.0067932067931,44,42.0135864135863,44,3.32887912087913,4.07,9.22081518481518,20.1889460461538
0.585,318.008791208791,800,318.008791208791,800,-5.32250549450534,-15.9961818181818,44,44.0155844155845,42,44.0311688311689,3.33,4.07257142857144,8.65250549450534,20.0687532467532
0.59,295.124075924072,800,295.124075924072,800,-4.603884115884,-15.5059920079921,45.9892107892111,46,45.9784215784222,48,2.59399200799189,4.4,7.1978761238759,19.9059920079921
0.595,199.613786213783,800,199.613786213783,800,-3.88460339660337,-14.9166973026974,46,46,46,47.988411588412,2.59,4.40527272727254,6.47460339660337,19.32197002997
0.6,171.206993006985,800,171.206993006985,800,-3.51273526473516,-14.3489450549451,40.044355644354,46,42.0295704295693,46,3.45356843156867,5.31,6.96630369630383,19.6589450549451
0.605,237.437762237773,800,237.437762237773,800,-2.85553846153836,-14.1278737010394,40,46.0075939248592,42,46.0151878497184,3.46,5.30908872901689,6.31553846153836,19.4369624300563
0.61,210.257394084725,800,210.257394084725,800,-2.42395283772971,-13.5688011988013,40,48,42,50,2.18185851318913,5.07,4.60581135091884,18.6388011988013
0.615,104.090309690296,800,104.090309690296,800,-1.96468731268725,-13.1689610389613,40,48,42,50,2.17,5.07183816183773,4.13468731268725,18.240799200799
0.62,101.030969030973,800,101.030969030973,800,-1.82957042957038,-12.6496803196803,36,48,36,50,2.22,5.99,4.04957042957038,18.6396803196803
0.625,132,800,132,800,-1.4,-12.33,36,48,36,50,2.22,5.99,3.62,18.32
0.63,124.00799200799,800,124.00799200799,800,-1.15024975024969,-11.7106193806195,34.0019980019975,51.9960039960035,36,51.9980019980018,0.921298701298393,6.04994005994005,2.07154845154808,17.7605594405595
0.635,38.1718281718178,800,38.1718281718178,800,-0.990319680319661,-11.2109990009991,34,52,36,52,0.92,6.05,1.91031968031966,17.2609990009991
0.64,65.916083916084,800,65.916083916084,800,-1.00994005994006,-10.5818881118883,32.005994005994,50.0059940059947,32.011988011988,52,0.67074925074925,6.96724275724243,1.68068931068931,17.5491308691308
0.645,89.9040959041016,800,89.9040959041016,800,-0.900439560439534,-10.1716383616383,32,50,32,52,0.67,6.97,1.57043956043953,17.1416383616383
0.65,111.894484412469,800,111.894484412469,800,-0.800479616306957,-9.54001398601408,30.0095923261391,54,30.0095923261391,54,-0.106258992805735,6.75,0.694220623501222,16.2900139860141
0.655,79.1912087912019,800,79.1912087912019,800,-0.8497102897103,-9.02736463536483,30,53.9628371628377,30,53.9628371628377,-0.11,6.76728071928045,0.7397102897103,15.7946453546453
0.66,122.701098901103,800,122.701098901103,800,-1.13802997003,-8.35138461538481,26.0271728271725,52,26.0271728271725,52,-0.646331668331719,7.68,0.491698301698278,16.0313846153848
0.665,148.797402597402,799.353246753239,148.797402597402,799.353246753239,-1.23922077922078,-7.86071328671318,26,52,26,52.0663336663344,-0.65,7.67154245754236,0.589220779220777,15.5322557442555
0.67,192.613186813196,760.267532467529,192.613186813196,760.267532467529,-1.44815384615389,-7.30080519480515,24.017582417582,52,24.017582417582,56,-1.72050549450572,7.17,-0.272351648351832,14.4708051948052
0.675,165.274125874123,714.029170829171,165.274125874123,714.029170829171,-1.75696503496506,-6.71124875124878,24,51.9708291708293,24,55.9708291708293,-1.73,7.17933466533463,0.026965034965065,13.8905834165834
0.68,232.071328671333,715.728271728275,232.071328671333,715.728271728275,-2.41030769230771,-6.11375024975033,22,50,22,54,-2.28,7.81,0.130307692307711,13.9237502497503
0.685,283.016786570742,695.194244604334,283.016786570742,695.194244604334,-2.63018784972021,-5.65420863309365,22.0007993605115,50.0251798561145,21.9992006394885,54.0503597122291,-2.28022781774578,7.80357913669079,0.349960031974424,13.4577877697844
0.69,324.983213429259,631.622777222783,324.983213429259,631.622777222783,-3.0998121502798,-5.19469530469539,23.9992006394885,52,20.0007993605115,58,-2.84977218225423,7.3,0.250039968025574,12.4946953046954
0.695,349.965034965042,600.302097902089,349.965034965042,600.302097902089,-3.63924475524491,-4.74428171828188,24,52,20,57.9784215784222,-2.85,7.31014185814156,0.789244755244913,12.0544235764235
0.7,426.815384615398,627.823776223784,426.815384615398,627.823776223784,-4.57774625374642,-4.21657342657357,18.0143856143846,52,20,56,-2.87992807192808,8.24,1.69781818181834,12.4565734265736
0.705,525.66373626374,609.437362637354,525.66373626374,609.437362637354,-5.49687512487516,-3.86428571428562,18,52,20,56.0175824175827,-2.88,8.2380659340659,2.61687512487516,12.1023516483515
0.71,596.687912087931,545.78961038961,596.687912087931,545.78961038961,-6.08740659340675,-3.21680519480519,21.9824175824187,52,21.9912087912093,58,-3.72626373626397,8.02,2.36114285714279,11.2368051948052
0.715,549.258941058934,519.013586413586,549.258941058934,519.013586413586,-6.3585434565435,-2.80673926073931,22,51.9864135864138,22,57.9728271728275,-3.73,8.02244555444552,2.6285434565435,10.8291848151848
0.72,537.076723276723,520.895704295708,537.076723276723,520.895704295708,-7.11514085914089,-2.32814585414592,18.0255744255743,50,20.0127872127871,54,-2.96492307692305,8.38,4.15021778221784,10.7081458541459
0.725,647.179420579451,502.472527472564,647.179420579451,502.472527472564,-7.64608191808206,-2.00688311688333,18,50.0095904095897,20,54.0095904095898,-2.96,8.3761638361641,4.68608191808206,10.3830469530474
0.73,697.580419580428,392.935451638697,697.580419580428,392.935451638697,-8.55236363636378,-1.35867106314964,23.9496503496513,52,25.9496503496513,56,-3.80286713286727,7.58,4.74949650349651,8.93867106314964
0.735,703.944844124702,376.140859140842,703.944844124702,376.140859140842,-9.08512789768198,-1.00895104895117,24,51.9940059940067,26,55.9940059940067,-3.81,7.58194805194782,5.27512789768199,8.59089910089899
0.74,713.898101898103,422.952047952059,713.898101898103,422.952047952059,-9.48592407592413,-0.659160839161038,25.9796203796206,50,24.0203796203794,54,-2.2559980019978,8.23,7.22992607392633,8.88916083916104
0.745,800,398.933066933059,800,398.933066933059,-9.89060939060946,-0.239470529470467,26.0039960039965,50.0019980019982,24.0039960039965,54,-2.24001998001998,8.22948051948046,7.65058941058948,8.46895104895093
0.75,800,332,800,332,-10.5,0.29,30,52,28,54,-2.26,7.71,8.24,7.42
0.755,800,336.995004995004,800,336.995004995004,-10.7797202797203,0.569720279720247,30,52,28,54,-2.26,7.71,8.51972027972035,7.14027972027975
0.76,800,378.916083916074,800,378.916083916074,-11.2091408591409,0.749640359640317,30,48.0079920079929,29.9960039960042,50.0079920079929,-1.20211788211775,8.06928071928064,10.0070229770232,7.31964035964032
0.765,800,357.065934065942,800,357.065934065942,-11.4293406593407,1.16874125874111,30,48,30,50,-1.2,8.07,10.2293406593407,6.90125874125889
0.77,800,273.335664335644,800,273.335664335644,-11.7786013986015,1.47876123876131,35.9760239760254,46.0079920079915,33.9840159840169,48.0079920079915,-0.931078921078857,6.97439560439534,10.8475224775226,5.49563436563403
0.775,800,315.608391608395,800,315.608391608395,-11.9193285371703,1.47176223776222,36,45.9608391608395,34,47.9608391608395,-0.93,6.95962237762247,10.9893285371703,5.48786013986025
0.78,800,295.925674325676,800,295.925674325676,-12.1188411588412,1.56427372627366,37.988411588412,44,35.988411588412,46,0.412177822178104,6.44,12.5310189810193,4.87572627372634
0.785,800,291.595604395613,800,291.595604395613,-12.0703396603397,1.79193406593402,38,43.964835164836,36,46,0.42,6.43068131868153,12.4903396603397,4.63874725274751
0.79,800,269.82917082918,800,269.82917082918,-12.3081298701299,1.8981758241758,39.9844155844155,42,37.9844155844155,46,0.97563636363635,5.91,13.2837662337662,4.0118241758242
0.795,800,319.077922077922,800,319.077922077922,-12.1811428571428,1.79124675324676,40,41.968831168831,38,45.9064935064931,0.98,5.90610389610388,13.1611428571428,4.11485714285712
0.8,800,324.539660339659,800,324.539660339659,-12.0512727272727,1.86912487512488,41.9804195804198,40,41.9608391608396,40,1.54441958041964,5.66,13.5956923076924,3.79087512487512
0.805,800,360.320679320688,800,360.320679320688,-11.7901258741259,1.80932067932069,42.0027972027974,39.9728271728275,42.0027972027974,40,1.55118881118888,5.6447832167834,13.3413146853148,3.83546253746271
0.81,800,311.956834532353,800,311.956834532353,-11.8799080735412,1.75521582733824,44,38,44,40,2.4,4.54,14.2799080735412,2.78478417266176
0.815,800,387.23576423576,800,387.23576423576,-11.6500919264588,1.37858541458544,44,37.976423576424,44,39.976423576424,2.4,4.53693506493511,14.0500919264588,3.15834965034968
0.82,800,407.571828171812,800,407.571828171812,-11.5101958041958,1.25687112887122,45.9972027972034,36,45.9972027972034,38,2.989174825175,4.28,14.4993706293708,3.02312887112878
0.825,800,460.048951048949,800,460.048951048949,-11.2107192807192,0.96725874125886,46,36,46,37.9608391608409,2.99,4.27451748251772,14.2007192807192,3.30725874125886
0.83,800,465.729670329684,800,465.729670329684,-11.0605094905095,0.684461538461436,47.9932067932069,36,47.9932067932069,34,3.58796203796207,3.72,14.6484715284716,3.03553846153856
0.835,800,548.179220779221,800,548.179220779221,-10.5821098901098,0.0556363636363505,48,35.9844155844155,48,34,3.59,3.71563636363635,14.1721098901098,3.66
0.84,800,571.251348651345,800,571.251348651345,-10.3611868131868,-0.50298901098897,48,34,49.9892107892111,34,4.19670929070939,3.16,14.5578961038962,3.66298901098897
0.845,800,608.092707292704,800,608.092707292704,-9.98242957042956,-0.942259740259658,48,34,50,34,4.2,3.15837762237768,14.1824295704296,4.10063736263734
0.85,800,624.330869130847,800,624.330869130847,-9.70206993006985,-1.33321278721257,49.9852147852153,34,51.9852147852153,34,4.54741258741268,2.88,14.2494825174825,4.21321278721257
0.855,800,693.224020783347,800,693.224020783347,-9.26369230769224,-2.00254396482784,50,33.9924060751408,52,33.9924060751408,4.55,2.88007593924859,13.8136923076922,4.88261990407643
0.86,800,752.143856143839,800,752.143856143839,-9.04202238209427,-2.67245754245725,50,32,52,32,5.16430055955251,2.9,14.2063229416468,5.57245754245725
0.865,800,799.912087912109,800,799.912087912109,-8.66387212787208,-3.49063936063921,50,32.0079920079901,52,32.0079920079901,5.17,2.89884115884143,13.8338721278721,6.38948051948064
0.87,799.983016983015,755.999000999001,799.983016983015,755.999000999001,-8.31950049950044,-3.81036963036967,52,36,52,36,5.26,2.32,13.5795004995004,6.13036963036967
0.875,783,755,783,755,-7.82,-4.18,52,36,52,36,5.26,2.32,13.08,6.5
0.88,739.043956043946,799.95504495504,739.043956043946,799.95504495504,-7.53028971028964,-4.63954045954041,52,34.0019980019982,53.9980019980025,34.0019980019982,5.61964035964044,3.48883116883103,13.1499300699301,8.12837162837144
0.885,744.988011988013,800,744.988011988013,800,-7.11083916083911,-5.15896103896092,52,34,54,34,5.62,3.49,12.7308391608391,8.64896103896092
0.89,713.095904095904,800,713.095904095904,800,-6.76104895104895,-5.75820179820159,50.005994005994,37.9880119880106,55.994005994006,37.9880119880106,5.97892107892108,2.93167832167852,12.73997002997,8.6898801198801
0.895,711.007992007992,800,711.007992007992,800,-6.2420779220778,-6.23808191808203,50,38,56,38,5.98,2.93,12.2220779220778,9.16808191808203
0.9,667.211031175061,800,667.211031175061,800,-5.96134292565948,-6.46037762237753,51.9904076738609,38,56,38,6.07952038369304,4.11,12.0408633093525,10.5703776223775
0.905,654.075324675322,800,654.075324675322,800,-5.5126073926073,-6.98538861138853,52,38.1114885114868,56,38.1114885114868,6.08,4.11037162837162,11.5926073926073,11.0957602397602
0.91,625.197002997,800,625.197002997,800,-5.13258141858138,-7.27334065934058,52,44,57.9864135864138,44,6.44748651348655,4.13,11.5800679320679,11.4033406593406
0.915,621.031168831169,800,621.031168831169,800,-4.51483116883118,-7.46281918081921,52,44,58,43.9668331668328,6.45,4.15935264735298,10.9648311688312,11.6221718281722
0.92,563.509890109878,800,563.509890109878,800,-4.07386813186804,-7.63732467532471,50.017582417582,44,56.017582417582,42,6.81674725274733,5.9,10.8906153846154,13.5373246753247
0.925,563.99020979021,800,563.99020979021,800,-3.76303496503493,-8.10160439560439,50,44.0291708291707,56,42.0583416583415,6.82,5.89635364635366,10.5830349650349,13.997958041958
0.93,555.944055944053,800,555.944055944053,800,-3.47938461538458,-8.21190209790208,52,46,56,46,6.39,5.65,9.86938461538458,13.8619020979021
0.935,515.98960831335,800,515.98960831335,800,-3.03990407673862,-8.34911870503599,51.9984012789769,45.9748201438855,55.9992006394885,46.0251798561145,6.39014788169463,5.66145683453212,9.43005195843325,14.0105755395681
0.94,490.010391686649,800,490.010391686649,800,-2.80009592326138,-8.2841258741258,48.001598721023,44,54.0007993605115,48,6.75985211830538,6.56,9.55994804156675,14.8441258741258
0.945,510.970629370635,800,510.970629370635,800,-2.52039160839153,-8.62946053946056,48,44.0647352647334,54,48.0215784215778,6.76,6.56043156843156,9.28039160839153,15.1898921078921
0.95,503.019180819179,800,503.019180819179,800,-2.07107892107884,-8.57960839160841,49.9952047952051,50,55.9952047952051,50,6.05170229770217,6.6,8.12278121878101,15.1796083916084
0.955,420.281918081913,800,420.281918081913,800,-1.59163036963034,-8.53876923076921,50,50,56,49.9824175824173,6.05,6.61072527472547,7.64163036963034,15.1494945054947
0.96,385.153846153837,800,385.153846153837,800,-1.42074725274721,-8.40233766233767,48.0087912087907,50,52.0175824175813,48,6.67723076923094,7.82,8.09797802197815,16.2223376623377
0.965,437.714085914094,800,437.714085914094,800,-1.09178021978017,-8.7,48,50.0135864135862,52,48.0271728271724,6.68,7.81836963036965,7.77178021978017,16.5183696303697
0.97,427.070329670329,800,427.070329670329,800,-0.593196803196784,-8.70017382617382,49.9872127872129,52,52,52,5.97453946053943,7.58,6.56773626373622,16.2801738261738
0.975,346.598801198779,800,346.598801198779,800,-0.272365634365547,-8.72985614385615,50,51.9904095904103,52,51.9904095904103,5.97,7.58445954045924,6.24236563436555,16.3143156843154
0.98,346,800,346,800,-0.260083916083915,-8.70049360511585,44.0503496503487,50,48.0335664335658,50,6.32697902097908,8.51,6.58706293706299,17.2104936051159
0.985,407.430055955251,800,407.430055955251,800,-0.190643485211813,-8.82988011988014,44,50.0059940059933,48,50.0119880119866,6.33,8.50844155844174,6.52064348521181,17.3383216783219
0.99,427.796203796206,800,427.796203796206,800,0.146535464535509,-8.78976023976029,45.9796203796206,52,49.9796203796206,54,5.082839160839,7.99,4.93630369630349,16.7797602397603
0.995,320.008991008992,800,320.008991008992,800,0.339800199800176,-8.66982017982016,45.9960039960035,51.9980019980018,49.9940059940053,54,5.07060939060946,7.99092907092918,4.73080919080929,16.6607492507493
1,329,800,329,800,0.14,-8.49,42,50,44,54,5.68,8.92,5.54,17.41
1.005,424.904095904121,800,424.904095904121,800,0.0900499500499371,-8.63985014985013,42,50,44,54,5.68,8.92,5.58995004995006,17.5598501498501
1.01,453.942057942061,800,453.942057942061,800,0.189800199800212,-8.54019980019982,43.9960039960042,51.9960039960035,45.9960039960042,55.9960039960035,4.40255744255729,8.70043956043961,4.21275724275708,17.2406393606394
1.015,364.269730269728,800,364.269730269728,800,0.19997002997003,-8.37050949050955,44,52,46,56,4.4,8.7,4.20002997002997,17.0705094905095
1.02,388.900099900106,800,388.900099900106,800,-0.118721278721355,-8.22059940059937,40.0159840159831,50.0079920079915,44.0079920079915,54.0079920079915,4.99760239760254,9.33744255744271,5.1163236763239,17.5580419580421
1.025,492.501199040762,800,492.501199040762,800,-0.468321342925643,-8.30804195804198,40,50,44,54.0391608391605,5,9.33001398601408,5.46832134292564,17.6380559440561
1.03,541.716083916094,800,541.716083916094,800,-0.57936263736266,-8.21037162837162,41.988411588412,50,44,56,4.2543456543455,8.83,4.83370829170816,17.0403716283716
1.035,499.292107892105,800,499.292107892105,800,-0.679320679320687,-8.22841758241762,42,50,44,56,4.25,8.83632967032952,4.92932067932069,17.0647472527471
1.04,506.937662337662,800,506.937662337662,800,-1.06696103896103,-8.14315084915089,38.0311688311689,50,40.0311688311689,56,4.57742857142856,9.19,5.64438961038959,17.3331508491509
1.045,571.428571428584,800,571.428571428584,800,-1.46648351648359,-8.33,38,50,40,56.0311688311689,4.58,9.19093506493507,6.04648351648359,17.5209350649351
1.05,614.579020979025,800,614.579020979025,800,-1.68784615384618,-8.33145854145854,41.9608391608396,50,43.9608391608395,58,3.56008391608382,9.25,5.24793006992999,17.5814585414585
1.055,552.006993006993,800,552.006993006993,800,-1.8104195804196,-8.42986413586414,41.9972027972027,50,43.9944055944053,58,3.5515664335665,9.25489110889104,5.3619860139861,17.6847552447552
1.06,557.045163868901,800,557.045163868901,800,-2.1101039168665,-8.42289568345317,40,50,40,58,4.67,9.61,6.7801039168665,18.0328956834532
1.065,669.954836131099,800,669.954836131099,800,-2.3698960831335,-8.64988211788212,40,50.023576423576,40,58.023576423576,4.67,9.61082517482516,7.0398960831335,18.2607072927073
1.07,697.960839160847,800,697.960839160847,800,-2.84932867132881,-8.63935264735267,41.9972027972034,52,43.9944055944068,60,3.92104895104873,9.68,6.77037762237754,18.3193526473527
1.075,681.040759240757,800,681.040759240757,800,-3.01959240759243,-8.58,42,52,44,59.9608391608409,3.92,9.68636363636335,6.93959240759243,18.2663636363634
1.08,686.979620379621,800,686.979620379621,800,-3.31898101898104,-8.58158241758245,40.0067932067931,52,40.0135864135862,56,4.76711288711294,10.33,8.08609390609397,18.9115824175824
1.085,765.652747252769,800,765.652747252769,800,-3.64854945054954,-8.75906493506493,40,52,40,56.0311688311689,4.77,10.3261038961039,8.41854945054954,19.0851688311688
1.09,789.870529470534,800,789.870529470534,800,-4.0776803196804,-8.64033966033966,41.9892107892111,52,43.9784215784223,60,4.02404595404582,9.83,8.10172627372622,18.4703396603397
1.095,763.172627372626,800,763.172627372626,800,-4.10980819180819,-8.69005794205794,42,52,44,59.988411588412,4.02,9.8337662337661,8.12980819180819,18.523824175824
1.1,749.103496503492,800,749.103496503492,800,-4.39785614385623,-8.70081518481513,42,52,44,58,4.86371628371653,10.48,9.26157242757276,19.1808151848151
1.105,799.572027972036,800,799.572027972036,800,-4.40991608391609,-8.87030375699437,42,52,44,58,4.87,10.4791646682655,9.27991608391608,19.3494684252599
1.11,800,800,800,800,-4.78650679456445,-8.9505394605394,43.9816147082339,52,45.9816147082339,58,4.91954036770585,10.26,9.7060471622703,19.2105394605394
1.115,800,800,800,800,-5.00775824175827,-9.13013986013983,44,51.9960039960049,46,57.9960039960049,4.92,10.2601398601398,9.92775824175827,19.3902797202797
1.12,800,800,800,800,-5.38001998001998,-9.20032967032972,44,50,46,56,5.52,10.33,10.90001998002,19.5303296703297
1.125,800,800,800,800,-5.4,-9.53,44,50,46,56,5.52,10.33,10.92,19.86
1.13,800,800,800,800,-5.57982017982023,-9.59993006993006,45.9980019980025,51.9980019980018,49.996003996005,57.9980019980018,5.58993006993009,9.83049950049955,11.1697502497503,19.4304295704296
1.135,800,800,800,800,-5.58,-9.7696603396603,46,52,50,58,5.59,9.83,11.17,19.5996603396603
1.14,800,800,800,800,-5.80931068931069,-9.75005994005995,47.994005994006,52,51.994005994006,58,6.45739260739263,10.4680819180817,12.2667032967033,20.2181418581417
1.145,800,800,800,800,-5.66059940059936,-10.0786813186814,48,52,52,58,6.46,10.47,12.1205994005994,20.5486813186814
1.15,800,800,800,800,-5.71971223021583,-10.1745034965035,49.9904076738609,52,52,60,7.07702637889688,10.55,12.7967386091127,20.7245034965035
1.155,800,800,800,800,-5.6205794205794,-10.4016723276723,50,51.9628371628377,52,59.9628371628377,7.08,10.5566893106892,12.7005794205794,20.9583616383615
1.16,800,800,800,800,-5.68952447552448,-10.4950989010988,50,50,52,58,7.4276223776224,10.91,13.1171468531469,21.4050989010988
1.165,800,800,800,800,-5.59077922077922,-10.7826533466534,50,50.0331668331672,52,58.0331668331672,7.43,10.9015424575424,13.0207792207792,21.6841958041957
1.17,800,800,800,800,-5.47105494505492,-10.9412467532468,51.982417582418,52,53.982417582418,60,7.51920879120881,10.4,12.9902637362637,21.3412467532468
1.175,800,800,800,800,-5.20264335664333,-11.0229170829171,52,52,54,59.9708291708293,7.52,10.4094805194805,12.7226433566433,21.4323976023976
1.18,800,800,800,800,-5.1495804195804,-11.2263856143855,52,52,56,58,8.15,11.05,13.2995804195804,22.2763856143855
1.185,800,800,800,800,-4.84995203836931,-11.692643884892,52,52.0251798561145,56,58.0251798561145,8.15014788169463,11.047356115108,13.0000999200639,22.74
1.19,800,800,800,800,-4.73004796163069,-11.90389010989,52,54,56,60,8.51985211830537,10.84,13.2499000799361,22.74389010989
1.195,800,800,800,800,-4.50032167832161,-12.2322657342657,52,53.9568431568444,56,59.9784215784222,8.52,10.8470129870128,13.0203216783216,23.0792787212785
1.2,800,800,800,800,-4.47007192807192,-12.4446993006991,52,50,56,58,8.62973626373628,11.49,13.0998081918082,23.9346993006991
1.205,800,800,800,800,-4.22084915084914,-12.9223736263737,52,50.0175824175827,56,58,8.63,11.4830549450548,12.8508491508491,24.4054285714285
1.21,800,800,800,800,-4.20008791208791,-13.1926493506494,52,52,57.9912087912093,58,8.72956043956047,10.7,12.9296483516484,23.8926493506494
1.215,800,800,800,800,-3.86183416583411,-13.5326493506493,52,51.9864135864137,58,58,8.73,10.7024455544455,12.5918341658341,24.2350949050949
1.22,800,800,800,800,-3.84012787212787,-13.9226653346652,52,50,58,58,9.09763436563438,11.06,12.9377622377623,24.9826653346652
1.225,800,800,800,800,-3.76059140859138,-14.3817262737262,52,50,58,58.0095904095898,9.1,11.0589450549451,12.8605914085914,25.4406713286713
1.23,800,800,800,800,-3.66083916083914,-14.7415567545961,52,50,58,60,9.20907692307694,10.84,12.8699160839161,25.5815567545961
1.235,800,800,800,800,-3.47174660271777,-15.150869130869,52,50,58,59.9940059940067,9.21,10.8410789210788,12.6817466027178,25.9919480519478
1.24,800,800,800,800,-3.51949050949052,-15.4410789210787,52,50,59.9796203796206,58,9.31887912087914,11.2,12.8383696303696,26.6410789210787
1.245,800,800,800,800,-3.46012987012989,-15.9804495504496,52,50.0019980019983,60,58.0019980019983,9.32036963036968,11.1997802197802,12.7804995004996,27.1802297702298
1.25,800,800,800,800,-3.59,-16.43,52,52,60,60,9.69,10.98,13.28,27.41
1.255,800,800,800,800,-3.59,-16.9494815184815,52,52,60,60,9.69,10.98,13.28,27.9294815184815
1.26,800,800,800,800,-3.59998001998002,-17.3292407612387,50.0039960039958,52,60,58.0039960039965,9.80976023976026,11.6287012987011,13.4097402597403,28.9579420599398
1.265,800,800,800,800,-3.49032967032967,-18.1375714305692,50,52,60,58,9.81,11.63,13.3003296703297,29.7675714305692
1.27,800,800,800,800,-3.49996003996004,-18.6380009980021,50,53.9920079920085,60,58,9.65063936063932,11.4208391608391,13.1505994005994,30.0588401588412
1.275,800,800,800,800,-3.36067146282974,-19.2527272531468,50,53.9216783216789,60,58,9.65,11.4270489510489,13.0106714628297,30.6797762041957
1.28,800,800,800,800,-3.36,-19.9043067108889,50,50,60,58,9.75936263736266,11.78,13.1193626373627,31.6843067108889
1.285,800,800,800,800,-3.23088311688311,-20.6726593230766,50,50.035164835164,60,58,9.76,11.771208791209,12.9908831168831,32.4438681142856
1.29,800,800,800,800,-3.22007792207792,-21.3926023966035,50,52,60,58,9.85922077922078,11.28,13.0792987012987,32.6726023966035
1.295,800,800,800,800,-2.96228571428566,-22.1496613532468,50,51.9688311688311,60,58,9.86,11.2856103896104,12.8222857142857,33.4352717428572
1.3,800,800,800,800,-2.90058741258741,-22.7684595404595,50,50,60,58,9.96892307692309,11.64,12.8695104895105,34.4084595404595
1.305,800,800,800,800,-2.75997202797203,-23.3507332531467,50,50,60,58.0271728271724,9.97015384615385,11.637010989011,12.7301258741259,34.9877442421577
1.31,800,800,800,800,-2.73992406075141,-24.1415817338127,50,50,60,60,10.08,11.42,12.8199240607514,35.5615817338127
1.315,800,800,800,800,-2.55007593924859,-25.0589580409589,50,50,60,59.976423576424,10.08,11.4242437562437,12.6300759392486,36.4832017972026
1.32,800,800,800,800,-2.54001398601398,-25.8224065924072,51.9972027972034,50,60,58,10.1898461538462,11.78,12.7298601398602,37.6024065924072
1.325,800,800,800,800,-2.45021578421577,-26.9681248937059,52,50.0195804195795,60,58,10.19,11.7778461538463,12.6402157842158,38.7459710475522
1.33,800,800,800,800,-2.50979620379621,-27.796946046154,50.0067932067931,52,60,58,10.5587432567433,11.56,13.0685394605395,39.356946046154
1.335,800,800,800,800,-2.37061538461535,-28.5874026051948,50,51.9844155844155,60,58,10.56,11.5628051948052,12.9306153846153,40.1502078
1.34,800,800,800,800,-2.44956843156845,-29.537949051948,50,50,61.9892107892111,58,10.4108091908092,11.92,12.8603776223776,41.457949051948
1.345,800,800,800,800,-2.45993606393606,-30.7050998953045,50,50.011588411588,62,58.011588411588,10.41,11.9187252747253,12.8699360639361,42.6238251700298
1.35,800,800,800,800,-2.53940859140862,-31.5852747252744,51.9852147852154,52,62,60,10.7772647352648,11.7,13.3166733266735,43.2852747252744
1.355,800,800,800,800,-2.42100699300697,-32.6830755471619,52,51.9924060751408,62,59.9924060751408,10.78,11.7024680255792,13.201006993007,44.3855435727412
1.36,800,800,800,800,-2.56862110311755,-33.4940779120874,50.0183852917661,50,62,58,11.1565067945645,12.35,13.725127897682,45.8440779120874
1.365,800,800,800,800,-2.57,-34.8526953086907,50,50.0039960039951,62,58.003996003995,11.16,12.3490009990012,13.73,47.2016963076919
1.37,800,800,800,800,-2.53982017982015,-36.2010099890111,50,52,62,60,11.01,11.85,13.5498201798202,48.0510099890111
1.375,800,800,800,800,-2.36,-37.209999,50,52,62,60,11.01,11.85,13.37,49.059999
1.38,800,800,800,800,-2.36999000999001,-38.2089999990009,51.9980019980025,52,62,56.0039960039964,11.1198901098901,12.4993506493506,13.4898801198802,50.7083506483515
1.385,800,800,800,800,-2.26021978021977,-39.5573036933064,52,52,62,56,11.12,12.5,13.3802197802198,52.0573036933064
1.39,800,800,800,800,-2.31982017982018,-40.5769450539457,50.005994005994,50.0059940059947,62,59.9880119880107,11.4988611388611,11.9915284715286,13.8186813186813,52.5684735254744
1.395,800,800,800,800,-2.29011988011987,-41.7254046033969,50,50,62,60,11.5,11.99,13.7901198801199,53.7154046033969
1.4,800,800,800,800,-2.2999520383693,-42.9195824195803,50,52,62,58,11.3507194244604,12.35,13.6506714628297,55.2695824195803
1.405,800,800,800,800,-2.19063736263734,-43.9198840993004,50,52,62,58.0371628371623,11.35,12.3514865134865,13.5406373626373,56.2713706127869
1.41,800,800,800,800,-2.28932067932069,-44.9891658351644,50,52,62,60,11.4592527472528,12.43,13.7485734265734,57.4191658351644
1.415,800,800,800,800,-2.15109090909091,-46.0862027650353,50,51.9668331668328,62,59.9336663336656,11.46,12.4359700299701,13.6110909090909,58.5221727950054
1.42,800,800,800,800,-2.15,-47.6616613376624,51.982417582418,50,62,56,11.569032967033,12.79,13.719032967033,60.4516613376624
1.425,800,800,800,800,-2.1400979020979,-49.0423966315684,52,50.0291708291707,62,56.0583416583415,11.57,12.7783316683317,13.7100979020979,61.8207282999001
1.43,800,800,800,800,-2.24981818181817,-49.8846203806193,50,52,62,60,11.96,11.99,14.2098181818182,61.8746203806193
1.435,800,800,800,800,-2.12003197442046,-50.2164757949641,50,52,62,59.9748201438855,11.9599360511591,12.0018345323738,14.0799680255795,62.2183103273379
1.44,800,800,800,800,-2.19996802557954,-49.9292717272729,50,52,62,58,11.8000639488409,12.93,14.0000319744205,62.8592717272729
1.445,800,800,800,800,-2.22995804195805,-49.0195334871132,50,52.0215784215778,62,58.0215784215778,11.8,12.9277342657343,14.0299580419581,61.9472677528475
1.45,800,800,800,800,-2.31978421578423,-48.0516793020983,50,54,62,60,11.9097362637363,12.72,14.2295204795205,60.7716793020983
1.455,800,800,800,800,-2.23030569430569,-47.2049001164834,50,53.9824175824173,62,60,11.91,12.7257142857144,14.1403056943057,59.9306144021978
1.46,800,800,800,800,-2.24991208791209,-46.6232996935065,50,52,62,60,12.0294725274726,13.37,14.2793846153847,59.9932996935065
1.465,800,800,800,800,-2.21021578421578,-45.7625954045955,50,52,62,60,12.03,13.3685734265734,14.2402157842158,59.1311688311689
1.47,800,800,800,800,-2.3491048951049,-44.6788991124875,50,52,62,60,12.1392967032967,13.16,14.4884015984016,57.8388991124876
1.475,800,800,800,800,-2.24081318681315,-44.4964275744252,50,52,62,60,12.14,13.1603356643356,14.3808131868132,57.6567632387608
1.48,800,800,800,800,-2.34907692307694,-45.8344824004791,50,52,62,60,12.2490769230769,13.23,14.5981538461539,59.0644824004791
1.485,800,800,800,800,-2.27073541167064,-47.0115564445553,50,52,62,60.0059940059933,12.25,13.2302397602397,14.5207354116706,60.241796204795
1.49,800,800,800,800,-2.42836963036965,-47.5304585384614,51.9796203796206,52,62,62,12.3588791208791,13.31,14.7872487512488,60.8404585384614
1.495,800,800,800,800,-2.37007992007993,-47.7597882107892,52,52,62,61.9980019980017,12.3603796203797,13.3103596403597,14.7304595404596,61.0701478511489
1.5,800,800,800,800,-2.45,-47.549999,52,52,62,60,12.74,13.67,15.19,61.219999
1.505,800,800,800,800,-2.39005994005993,-47.1304205784216,52,52,62,60,12.74,13.67,15.1300599400599,60.8004205784216
1.51,800,800,800,800,-2.51974025974028,-46.3216183836166,50.0039960039958,52,62,61.9960039960035,12.8597602397603,13.4604195804196,15.3795004995005,59.7820379640362
1.515,800,800,800,800,-2.51002997002997,-45.9710499480521,50,52,62,62,12.86,13.46,15.37002997003,59.4310499480521
1.52,800,800,800,800,-2.61956043956047,-45.8205994045954,50,50.0079920079915,60.0079920079915,60.0079920079915,12.7006393606393,13.8285214785216,15.3201998001998,59.6491208831169
1.525,800,800,800,800,-2.6299520383693,-45.8945024965034,50,50.0391608391604,60,60.0391608391605,12.7,13.8200139860141,15.3299520383693,59.7145164825175
1.53,800,800,800,800,-2.73936263736266,-46.1190699476524,50,52,61.988411588412,62,12.5508691308691,13.32,15.2902317682318,59.4390699476524
1.535,800,800,800,800,-2.77972827172827,-46.0654285890111,50,51.964835164836,62,61.964835164836,12.55,13.3316043956041,15.3297282717283,59.3970329846152
1.54,800,800,800,800,-2.97844155844155,-45.8022067776223,50,50,62,60,12.9171168831169,13.98,15.8955584415584,59.7822067776223
1.545,800,800,800,800,-2.93043956043955,-45.3331428883117,50,50.0311688311689,62,60.0311688311689,12.92,13.9722077922078,15.8504395604396,59.3053506805194
1.55,800,800,800,800,-3.04882517482519,-44.8934385488512,51.9804195804198,52,62,62,13.0388251748252,13.48,16.0876503496504,58.3734385488512
1.555,800,800,800,800,-3.07023776223777,-44.4471478667333,52,52,62,61.9456543456551,13.0405314685315,13.488831168831,16.1107692307693,57.9359790355644
1.56,800,800,800,800,-3.24001199040767,-44.2421422625899,52,52,62,58,13.42,14.13,16.6600119904077,58.3721422625899
1.565,800,800,800,800,-3.26998800959233,-44.4083496503497,52,52,62,58.047152847152,13.42,14.124105894106,16.6899880095923,58.5324555444557
1.57,800,800,800,800,-3.48969230769237,-44.2664395496505,50.0027972027966,52,62,62,13.5298461538462,13.63,17.0195384615386,57.8964395496505
1.575,800,800,800,800,-3.4101918081918,-43.9397053034965,50,52,62,61.9804195804205,13.53,13.6363636363633,16.9401918081918,57.5760689398599
1.58,800,800,800,800,-3.57942257742259,-43.9124615296704,50,52,62,60,13.3805094905095,14.28,16.9599320679321,58.1924615296704
1.585,800,800,800,800,-3.71938461538465,-44.191635387013,50,52,62,60,13.38,14.2783636363636,17.0993846153847,58.4699990233766
1.59,800,800,800,800,-3.95870529470534,-44.4021078737263,51.9892107892111,52,63.9892107892111,60,13.4894065934066,14.07,17.448111888112,58.4721078737263
1.595,800,800,800,800,-3.98980819180819,-44.712664328871,52,52,64,59.988411588412,13.49,14.0704055944056,17.4798081918082,58.7830699232766
1.6,800,800,800,800,-4.27785614385622,-45.1724915112885,52,52,62.0147852147847,58,14.135194805195,14.14,18.4130509490512,59.3124915112885
1.605,800,800,800,800,-4.50806993006997,-45.6914418495202,52,52,62,58.0075939248592,14.14,14.1392026378898,18.64806993007,59.83064448741
1.61,800,800,800,800,-4.67843725019988,-46.0709590379619,52,52,62,60,13.9913788968825,13.93,18.6698161470823,60.0009590379619
1.615,800,800,800,800,-4.73938861138862,-46.3904785244754,52,51.9960039960049,62,60,13.99,13.9307192807191,18.7293886113886,60.3211978051945
1.62,800,800,800,800,-4.97007992007993,-46.6302008011988,52,50,62,60,14.11,14.29,19.0800799200799,60.9202008011988
1.625,800,800,800,800,-5.05,-46.830002,52,50,62,60,14.11,14.29,19.16,61.120002
1.63,800,800,800,800,-5.3796703296704,-46.9199080939061,50.0019980019976,51.9980019980017,62,60,14.2298801198801,14.0802097902098,19.6095504495505,61.0001178841159
1.635,800,800,800,800,-5.50974025974027,-47.0796823116883,50,52,62,60,14.23,14.08,19.7397402597403,61.1596823116883
1.64,800,800,800,800,-5.81907092907092,-47.3292527492507,50,50.0059940059948,62,58.0059940059948,14.0704795204795,14.4389210789209,19.8895504495504,61.7681738281716
1.645,800,800,800,800,-5.96940059940064,-47.5291998111889,50,50,62,58,14.07,14.44,20.0394005994006,61.9691998111889
1.65,800,800,800,800,-6.31832134292564,-47.7137193384615,50,52,62,60,14.1794724220623,13.93,20.497793764988,61.6437193384615
1.655,800,800,800,800,-6.45918881118884,-47.9033466553446,50,52,62,60,14.18,13.9420779220777,20.6391888111888,61.8454245774223
1.66,800,800,800,800,-6.71823376623378,-48.0812327692307,50,52,62,60,14.2991848151848,14.58,21.0174185814186,62.6612327692307
1.665,800,800,800,800,-6.9878961038961,-48.1490069618381,50,51.9668331668328,62,60.0331668331672,14.3,14.5813266733267,21.2878961038961,62.7303336351648
1.67,800,800,800,800,-7.2774505494506,-48.0875064935065,50,50,63.982417582418,62,14.409032967033,14.66,21.6864835164836,62.7475064935065
1.675,800,800,800,800,-7.35921678321679,-47.9292707438562,50,50,64,61.9708291708293,14.41,14.661020979021,21.7692167832168,62.5902917228771
1.68,800,800,800,800,-7.75029370629372,-47.8802727418581,50,50,62,60,14.79,14.73,22.5402937062937,62.6102727418581
1.685,800,800,800,800,-7.96008393285371,-47.9002537482014,50.0007993605115,50.0251798561145,62,59.9748201438855,14.7899400479616,14.727356115108,22.7500239808153,62.6276098633094
1.69,800,800,800,800,-8.16991606714629,-47.9195265068931,51.9992006394885,52,62,58,14.6400599520384,14.52,22.8099760191847,62.4395265068931
1.695,800,800,800,800,-8.20994405594407,-47.8798930863137,52,51.9784215784222,62,58,14.64,14.5207552447552,22.8499440559441,62.4006483310689
1.7,800,800,800,800,-8.52923276723282,-47.8715654335664,52,50,62,58,14.9991368631369,14.59,23.5283696303697,62.4615654335664
1.705,800,800,800,800,-8.819014985015,-48.029999,52,50.0175824175827,62,58.0175824175827,15,14.5880659340659,23.819014985015,62.6180649340659
1.71,800,800,800,800,-9.09876923076931,-48.0310899012987,50.0087912087907,52,62,60,15,14.37,24.0987692307693,62.4010899012987
1.715,800,800,800,800,-9.33870529470534,-48.1712207772228,50,52,62,59.9864135864137,15,14.3742797202797,24.3387052947053,62.5455004975024
1.72,800,800,800,800,-9.72750649350651,-48.3515045108891,50,52,62,58,14.9801278721279,15,24.7076343656344,63.3515045108891
1.725,800,800,800,800,-9.92852147852153,-48.6107202663336,50,52,62,58,14.98,14.999088911089,24.9085214785215,63.6098091774226
1.73,800,800,800,800,-10.3563916083917,-48.7600359772182,51.9832167832171,52,62,58,14.9998321678322,14.81,25.3562237762238,63.5700359772182
1.735,800,800,800,800,-10.7265987210233,-48.7703896163836,52,51.9940059940068,62,58,15,14.8102097902098,25.7265987210233,63.5805994065933
1.74,800,800,800,800,-11.116025974026,-48.9004415544454,50.0203796203794,50,62,58,15,14.88,26.116025974026,63.7804415544455
1.745,800,800,800,800,-11.4105794205795,-49.119959042957,50,50.0019980019982,62,58.0019980019982,15,14.8797802197802,26.4105794205795,63.9997392627372
1.75,800,800,800,800,-11.99,-49.080002,50,52,62,60,15,14.66,26.99,63.740002
1.755,800,800,800,800,-12.2797102897104,-48.9900919100899,50,52,62,60,15,14.66,27.2797102897104,63.6500919100899
1.76,800,800,800,800,-12.6792007992008,-49.0997782277722,50,52,62,58.0039960039965,15,14.9993206793206,27.6792007992008,64.0990989070928
1.765,800,800,800,800,-12.9192807192807,-49.2794595364635,50,52,62,58,15,15,27.9192807192807,64.2794595364635
1.77,800,800,800,800,-13.4080419580421,-49.2102787202797,50,52,62,59.9920079920085,15,15,28.4080419580421,64.2102787202797
1.775,800,800,800,800,-13.6687529976019,-49.1929360825175,50,51.9608391608395,62,59.9608391608395,15,15,28.6687529976019,64.1929360825174
1.78,800,800,800,800,-14.0279140859142,-49.343530450949,50,50,62,58,15,15,29.0279140859142,64.343530450949
1.785,800,800,800,800,-14.3875544455545,-49.5278891274726,50,50.035164835164,62,58.035164835164,15,14.9992967032967,29.3875544455545,64.5271858307693
1.79,800,800,800,800,-14.9853246753247,-49.4096683150849,50,52,62,60,15,14.96,29.9853246753247,64.3696683150849
1.795,800,800,800,800,-15.2477142857143,-49.3932717116883,50,52,62,59.9688311688311,15,14.9606233766234,30.2477142857143,64.3538950883117
1.8,800,800,800,800,-15.7946153846154,-49.6027692725275,50,52,60.0195804195802,58,15,15,30.7946153846154,64.6027692725275
1.805,800,800,800,800,-16.2407272727273,-49.790952048951,50.0027972027973,52,60.0027972027973,58.0271728271724,15,15,31.2407272727273,64.790952048951
1.81,800,800,800,800,-16.7601998401279,-49.860001,52,52,62,60,15,15,31.7601998401279,64.860001
1.815,800,800,800,800,-17.2598001598721,-49.8617691964036,52,52,62,59.976423576424,15,15,32.2598001598721,64.8617691964036
1.82,800,800,800,800,-17.9490359636366,-50.0114006081918,50.0027972027966,52,62,58,15,15,32.9490359636366,65.0114006081918
1.825,800,800,800,800,-18.5585364673328,-50.1390199986014,50,52,62,58.0195804195795,15,15,33.5585364673328,65.1390199986014
1.83,800,800,800,800,-19.2277242723277,-50.039825167033,50,52,62,60,15,15,34.2277242723277,65.039825167033
1.835,800,800,800,800,-19.8870979054947,-50.0203896103896,50,52,62,60,15,15,34.8870979054947,65.0203896103896
1.84,800,800,800,800,-20.6260069920081,-50.0704075992008,51.9892107892111,52,62,60,15,15,35.6260069920081,65.0704075992008
1.845,800,800,800,800,-21.2062907082917,-50.1287841994006,52,52,62,60,15,15,36.2062907082917,65.1287841994006
1.85,800,800,800,800,-21.9544545444557,-49.9201418705295,50.0147852147847,52,62,60,15,15,36.9544545444557,64.9201418705295
1.855,800,800,800,800,-22.5946293622379,-49.9503047494004,50,52,62,59.9924060751408,15,15,37.5946293622379,64.9503047494004
1.86,800,800,800,800,-23.382736818945,-50.0302687302697,51.9816147082339,52,62,58,15,15,38.382736818945,65.0302687302697
1.865,800,800,800,800,-24.1125624181819,-50.1198191798202,52,52,62,58.003996003995,15,15,39.1125624181819,65.1198191798202
1.87,800,800,800,800,-24.8907382607393,-50.0298691328671,50,52,62,60,15,15,39.8907382607393,65.0298691328671
1.875,800,800,800,800,-25.629999,-49.900002,50,52,62,60,15,15,40.629999,64.900002
1.88,800,800,800,800,-26.6489810179822,-49.9999001018981,50,52,62,58.0019980019983,15,15,41.6489810179822,64.9999001018981
1.885,800,800,800,800,-27.4883216783218,-50.1796403596403,50,52,62,58,15,15,42.4883216783218,65.1796403596403
1.89,800,800,800,800,-28.5268841138861,-50.2198811168831,50,52,62,59.9940059940052,15,15,43.5268841138861,65.2198811168831
1.895,800,800,800,800,-29.227202801199,-50.2996793276723,50,52,62,60,15,15,44.227202801199,65.2996793276724
1.9,800,800,800,800,-30.304819148681,-50.4029390041958,50,52,62,56,15,15,45.304819148681,65.4029390041958
1.905,800,800,800,800,-31.4732207734268,-50.5512996993007,50,52,62,56.0743256743245,15,15,46.4732207734268,65.5512996993007
1.91,800,800,800,800,-32.6321188869132,-50.6233396945054,50,52,62,60,15,15,47.6321188869132,65.6233396945054
1.915,800,800,800,800,-33.235326651948,-50.812156810989,50,52,62,60,15,15,48.235326651948,65.812156810989
1.92,800,800,800,800,-34.4690989186816,-50.9426483818182,51.982417582418,52,62,60,15,15,49.4690989186816,65.9426483818182
1.925,800,800,800,800,-35.598938053147,-51.1104385332667,52,52,62,60,15,15,50.598938053147,66.1104385332667
1.93,800,800,800,800,-36.8315824153847,-51.1412217908092,50,52,62,60,15,15,51.8315824153847,66.1412217908092
1.935,800,800,800,800,-37.9603427254196,-51.2307554082734,50,52,61.9992006394885,60,15,15,52.9603427254196,66.2307554082734
1.94,800,800,800,800,-38.8196562745804,-51.2908261748252,50,52,60.0007993605115,60,15,15,53.8196562745804,66.2908261748252
1.945,800,800,800,800,-40.0482787216787,-51.358814176024,50,52,60,60,15,15,55.0482787216787,66.358814176024
1.95,800,800,800,800,-41.4566183806196,-51.2502936965035,50,52,61.9952047952051,60,15,15,56.4566183806196,66.2502936965035
1.955,800,800,800,800,-42.5263646343657,-51.2807902087912,50,52,62,59.9824175824173,15,15,57.5263646343657,66.2807902087912
1.96,800,800,800,800,-43.6152077912091,-51.3705444545455,51.9912087912093,52,60.0087912087907,58,15,15,58.6152077912091,66.3705444545455
1.965,800,800,800,800,-45.0223926063939,-51.4388441616384,52,52,60,58.0135864135863,15,15,60.0223926063939,66.4388441616384
1.97,800,800,800,800,-46.3415584459541,-51.2698261854146,52,52,61.9872127872129,60,15,15,61.3415584459541,66.2698261854146
1.975,800,800,800,800,-47.9778780943062,-51.240002,52,52,62,59.9904095904102,15,15,62.9778780943062,66.240002
1.98,800,800,800,800,-49.3881698321681,-51.2404196506794,50.0167832167829,52,62,58,15,15,64.3881698321681,66.2404196506794
1.985,800,800,800,800,-50.1629196994406,-51.349968035964,50,52,62,58,15,15,65.1629196994406,66.349968035964
1.99,800,800,800,800,-50.4867412199801,-51.340039962038,51.9796203796206,52,62,58,15,15,65.4867412199801,66.340039962038
1.995,800,800,800,800,-49.93994904995,-51.3601308711289,52,51.9980019980018,62,58,15,15,64.93994904995,66.3601308711289
2,800,800,800,800,-49.889999,-51.490002,52,50,62,58,15,15,64.889999,66.490002
2.005,800,800,800,800,-49.040850148851,-51.6798101918082,52,50,62,58,15,15,64.040850148851,66.6798101918082
2.01,800,800,800,800,-47.9322177842157,-51.689979021978,52,50,63.9960039960041,59.9960039960034,15,15,62.9322177842157,66.689979021978
2.015,800,800,800,800,-47.0127552487512,-51.7697602367632,52,50,64,60,15,15,62.0127552487512,66.7697602367632
2.02,800,800,800,800,-46.5916783136862,-51.8297622317682,52,50,62.0079920079915,58.0079920079915,15,15,61.5916783136862,66.8297622317682
2.025,800,800,800,800,-45.9530705395684,-51.9768671328672,52,50.0391608391604,62,58.0391608391605,15,15,60.9530705395684,66.9768671328672
2.03,800,800,800,800,-44.9259660493504,-51.816655326074,52,52,62,60,15,15,59.9259660493504,66.816655326074
2.035,800,800,800,800,-45.4861298449551,-51.6419330835164,52,51.9648351648359,62,59.9648351648359,15,15,60.4861298449551,66.6419330835164
2.04,800,800,800,800,-46.4822097922078,-51.7523216617383,52,50,62,58,15,15,61.4822097922078,66.7523216617383
2.045,800,800,800,800,-47.352352657143,-51.8884405896104,52,50.0311688311689,62,58.0311688311689,15,15,62.352352657143,66.8884405896104
2.05,800,800,800,800,-47.7758871314686,-51.7876673336663,52,52,63.9804195804197,60,15,15,62.7758871314686,66.7876673336664
2.055,800,800,800,800,-47.3195944041958,-51.6310878859141,52,52,64,59.9728271728276,15,15,62.3195944041958,66.6310878859141
2.06,800,800,800,800,-47.029863108713,-51.7123911241007,52,52,64,58,15,15,62.029863108713,66.7123911241007
2.065,800,800,800,800,-46.690134891287,-51.8995304597403,52,52.023576423576,64,58.023576423576,15,15,61.690134891287,66.8995304597403
2.07,800,800,800,800,-46.4103916069929,-51.8593536257742,53.9972027972033,54,64,60,15,15,61.4103916069929,66.8593536257742
2.075,800,800,800,800,-45.9610779234764,-51.8007822363636,54,53.9804195804204,64,59.9804195804204,15,15,60.9610779234764,66.8007822363636
2.08,800,800,800,800,-45.7606773240759,-51.8812317604396,54,52,62.0067932067931,58,15,15,60.7606773240759,66.8812317604396
2.085,800,800,800,800,-45.8197362549451,-52.0203896103896,54,52,62,58.0155844155845,15,15,60.8197362549451,67.0203896103896
2.09,800,800,800,800,-46.0686513486514,-52.0697962105894,52.0107892107889,52,62,60,15,15,61.0686513486514,67.0697962105894
2.095,800,800,800,800,-46.0799380511489,-52.0408121830169,52,51.9884115884121,62,59.9884115884121,15,15,61.0799380511489,67.040812183017
2.1,800,800,800,800,-45.8516983292707,-52.1809110841158,52,50,62,58,15,15,60.8516983292707,67.1809110841158
2.105,800,800,800,800,-45.3442797034964,-52.3697711898481,52,50,62,58.0075939248592,15,15,60.3442797034964,67.3697711898482
2.11,800,800,800,800,-44.7257004312549,-52.310001,52,50,60.0183852917661,60,15,15,59.7257004312549,67.310001
2.115,800,800,800,800,-44.2547892209789,-52.3101408601398,52,50.0039960039951,60,59.9960039960049,15,15,59.2547892209789,67.3101408601398
2.12,800,800,800,800,-44.039961038961,-52.3801108911089,54,52,62,58,15,15,59.039961038961,67.3801108911089
2.125,800,800,800,800,-44,-52.490002,54,52,62,58,15,15,59,67.490002
2.13,800,800,800,800,-43.9400589410589,-52.4000919100899,54,53.9980019980017,62,58,15,15,58.9400589410589,67.4000919100899
2.135,800,800,800,800,-43.9100599380619,-52.3401198841159,54,54,62,58,15,15,58.9100599380619,67.3401198841159
2.14,800,800,800,800,-43.7903606373626,-52.3699090929071,52.005994005994,52.0059940059947,60.005994005994,58,15,15,58.7903606373626,67.3699090929071
2.145,800,800,800,800,-43.6804395644355,-52.5094385634366,52,52,60,58,15,15,58.6804395644355,67.5094385634366
2.15,800,800,800,800,-43.7894734172662,-52.5888251552448,52,52,61.9904076738608,60,15,15,58.7894734172662,67.5888251552448
2.155,800,800,800,800,-43.8098851158841,-52.5301848513486,52,52,62,60,15,15,58.8098851158841,67.5301848513487
2.16,800,800,800,800,-43.9689140869131,-52.5424625208791,52,52,62,60,15,15,58.9689140869131,67.5424625208791
2.165,800,800,800,800,-44.2875074935065,-52.6791708457542,52,52,62,60,15,15,59.2875074935065,67.6791708457542
2.17,800,800,800,800,-44.8450749494507,-52.6268841012987,53.982417582418,52,60.017582417582,60,15,15,59.8450749494507,67.6268841012987
2.175,800,800,800,800,-45.3352027776224,-52.4304375478521,54,51.9708291708294,60,60,15,15,60.3352027776224,67.4304375478522
2.18,800,800,800,800,-45.9007152839161,-52.4616294103896,52,50,62,60,15,15,60.9007152839161,67.4616294103896
2.185,800,800,800,800,-46.4101119100719,-52.5779875611511,52,50.0251798561145,61.9992006394885,60,15,15,61.4101119100719,67.5779875611511
2.19,800,800,800,800,-46.6898870899281,-52.4184655678322,52,52,60.0007993605115,60,15,15,61.6898870899281,67.4184655678322
2.195,800,800,800,800,-46.6600419566433,-52.2914035650349,52,52,60,59.9784215784223,15,15,61.6600419566433,67.2914035650349
2.2,800,800,800,800,-46.9193746281719,-52.4229350923076,52,52,61.9952047952052,58,15,15,61.9193746281719,67.4229350923076
2.205,800,800,800,800,-47.1093556351648,-52.7208801120879,52,52,62,58.0175824175827,15,15,62.1093556351648,67.7208801120879
2.21,800,800,800,800,-47.1697342769231,-52.8210129948052,52,52,62,60,15,15,62.1697342769231,67.8210129948052
2.215,800,800,800,800,-47.2694605286713,-52.9513596481518,52,52,62,59.9864135864138,15,15,62.2694605286713,67.9513596481518
2.22,800,800,800,800,-47.5780199692308,-53.1510449570429,50.0127872127872,52,62,58,15,15,62.5780199692308,68.1510449570429
2.225,800,800,800,800,-47.7586673602398,-53.330002,50,52,62,58.0095904095898,15,15,62.7586673602398,68.330002
2.23,800,800,800,800,-47.8690759146853,-53.3298501177059,51.9832167832171,52,62,60,15,15,62.8690759146853,68.3298501177058
2.235,800,800,800,800,-47.691653676259,-53.2903006943056,52,51.9940059940068,62,59.9940059940067,15,15,62.691653676259,68.2903006943057
2.24,800,800,800,800,-47.5316293696303,-53.3900789220779,50.0203796203793,50,62,58,15,15,62.5316293696303,68.3900789220779
2.245,800,800,800,800,-47.6000679300699,-53.4298801208791,50.0019980019983,50.0019980019983,62,58.0019980019983,15,15,62.6000679300699,68.4298801208791
2.25,800,800,800,800,-47.669998,-53.310001,52,52,62,60,15,15,62.669998,68.310001
2.255,800,800,800,800,-47.689979018981,-53.270039961039,52,52,62,60,15,15,62.689979018981,68.270039961039
2.26,800,800,800,800,-47.8397002977023,-53.2400619360639,50.0039960039959,52,60.0039960039959,60,15,15,62.8397002977023,68.240061936064
2.265,800,800,800,800,-47.8798811168831,-53.3496683416583,50,52,60,60,15,15,62.8798811168831,68.3496683416583
2.27,800,800,800,800,-47.9995204835165,-53.2105584365634,51.9920079920085,52,60,60,15,15,62.9995204835165,68.2105584365634
2.275,800,800,800,800,-47.9104316546763,-53.2625434741258,52,51.9608391608395,60,59.9608391608395,15,15,62.9104316546763,68.2625434741258
2.28,800,800,800,800,-47.9398251796204,-53.3911139222777,52,50,61.9884115884121,58,15,15,62.9398251796204,68.3911139222777
2.285,800,800,800,800,-48.2379640175824,-53.4471878131869,52,50,62,58.0351648351641,15,15,63.2379640175824,68.4471878131869
2.29,800,800,800,800,-48.5078941350649,-53.2885084925075,52,50,62,60,15,15,63.5078941350649,68.2885084925075
2.295,800,800,800,800,-48.6685914065934,-53.1981308857143,52,50,62,59.9688311688311,15,15,63.6685914065934,68.1981308857143
2.3,800,800,800,800,-48.8779450265734,-53.0808770811189,50.0195804195803,50,62,58,15,15,63.8779450265734,68.0808770811189
2.305,800,800,800,800,-49.0802397594406,-53.1380969156844,50.0027972027972,50.0271728271724,62,58.0271728271724,15,15,64.0802397594406,68.1380969156844
2.31,800,800,800,800,-49.2499920063949,-53.0010072194244,52,52,62,60,15,15,64.2499920063949,68.0010072194244
2.315,800,800,800,800,-49.2300079936051,-53.082123830969,52,51.976423576424,62,59.976423576424,15,15,64.2300079936051,68.082123830969
2.32,800,800,800,800,-49.3498301706294,-53.2617242737262,50.0027972027967,50,62,58,15,15,64.3498301706294,68.2617242737262
2.325,800,800,800,800,-49.4597352613387,-53.4204875398601,50,50.0195804195796,62,58,15,15,64.4597352613387,68.4204875398601
2.33,800,800,800,800,-49.5596613328671,-53.4694735186813,51.9932067932069,52,62,58,15,15,64.5596613328671,68.4694735186813
2.335,800,800,800,800,-49.4803516527472,-53.4107012987013,52,51.9844155844155,62,58,15,15,64.4803516527472,68.4107012987013
2.34,800,800,800,800,-49.5297292751249,-53.5006793070929,52,50,60.0107892107889,58,15,15,64.5297292751249,68.5006793070929
2.345,800,800,800,800,-49.6691029014985,-53.6002877334665,52,50.0115884115879,60,58.0115884115879,15,15,64.6691029014985,68.6002877334665
2.35,800,800,800,800,-49.8784485302698,-53.6493786137863,52,52,61.9852147852154,60,15,15,64.8784485302698,68.6493786137863
2.355,800,800,800,800,-49.7907562447552,-53.5204176696642,52,52,62,59.9924060751408,15,15,64.7907562447552,68.5204176696642
2.36,800,800,800,800,-49.8098171470823,-53.630001,50.0183852917661,52,62,58,15,15,64.8098171470823,68.630001
2.365,800,800,800,800,-49.938674345055,-53.6295414615386,50,52,62,58.0039960039951,15,15,64.938674345055,68.6295414615386
2.37,800,800,800,800,-50.0898201798202,-53.3999020969031,50,52,62,60,15,15,65.0898201798202,68.3999020969031
2.375,800,800,800,800,-49.91,-53.299999,50,52,62,60,15,15,64.91,68.299999
2.38,800,800,800,800,-49.9799300699301,-53.339960038961,51.9980019980024,52,60.0019980019976,58.0019980019983,15,15,64.9799300699301,68.339960038961
2.385,800,800,800,800,-50.0798021958042,-53.3998821158841,52,52,60,58,15,15,65.0798021958042,68.3998821158841
2.39,800,800,800,800,-50.2793996083916,-53.2803586493507,50.005994005994,52,60,59.9940059940053,15,15,65.2793996083916,68.2803586493507
2.395,800,800,800,800,-50.2102787202797,-53.2501198761239,50,52,60,60,15,15,65.2102787202797,68.2501198761239
2.4,800,800,800,800,-50.2697122254197,-53.4321538657342,50,50,61.9904076738608,58,15,15,65.2697122254197,68.4321538657343
2.405,800,800,800,800,-50.4191288807193,-53.5413016993007,50,50.0371628371623,62,58.0371628371623,15,15,65.4191288807193,68.5413016993007
2.41,800,800,800,800,-50.4895264483517,-53.6122867318681,50,52,62,60,15,15,65.4895264483517,68.6122867318681
2.415,800,800,800,800,-50.3808581506494,-53.7431528159841,50,52,62,59.9668331668328,15,15,65.3808581506493,68.7431528159841
2.42,800,800,800,800,-50.399826167033,-53.9303117038961,50,52,60.017582417582,58,15,15,65.399826167033,68.9303117038961
2.425,800,800,800,800,-50.5089211160839,-53.9479590419581,50,52,60,58.0291708291706,15,15,65.5089211160839,68.9479590419581
2.43,800,800,800,800,-50.6998751258741,-53.8094575298701,50,52,62,60,15,15,65.6998751258741,68.8094575298701
2.435,800,800,800,800,-50.6100809360511,-53.7712589802158,50,51.9748201438855,61.9992006394885,59.9748201438855,15,15,65.6100809360511,68.7712589802158
2.44,800,800,800,800,-50.8099210639488,-53.8703526817183,50,50,60.0007993605115,58,15,15,65.8099210639488,68.8703526817183
2.445,800,800,800,800,-50.9597892125875,-53.8991388415585,50,50.0215784215777,60,58.0215784215777,15,15,65.9597892125875,68.8991388415585
2.45,800,800,800,800,-51.1694945058941,-53.8196083818182,51.9952047952052,52,60,60,15,15,66.1694945058941,68.8196083818182
2.455,800,800,800,800,-51.1799660271728,-53.7808781384615,52,51.9824175824172,60,59.9824175824173,15,15,66.1799660271728,68.7808781384616
2.46,800,800,800,800,-51.1700419648352,-53.8805464545455,50.0087912087907,50,61.9912087912093,58,15,15,66.1700419648352,68.8805464545454
2.465,800,800,800,800,-51.1401608327672,-53.9494575298701,50,50.0135864135862,62,58.0135864135862,15,15,66.1401608327672,68.9494575298701
2.47,800,800,800,800,-51.2691688247752,-53.8686663326674,50,52,60.0127872127872,60,15,15,66.2691688247752,68.8686663326674
2.475,800,800,800,800,-51.3494066061938,-53.639999,50,52,60,59.9904095904102,15,15,66.3494066061938,68.639999
2.48,800,800,800,800,-51.3698311594406,-53.640644491207,50,52,60,58,15,15,66.3698311594406,68.640644491207
2.485,800,800,800,800,-51.5384382318146,-53.810030967033,50,52,60,58.0059940059933,15,15,66.5384382318146,68.810030967033
2.49,800,800,800,800,-51.5597972037962,-53.8198401638362,50,52,61.9796203796207,60,15,15,66.5597972037962,68.8198401638362
2.495,800,800,800,800,-51.469961038961,-53.740002,50.0019980019983,52,62,60,15,15,66.469961038961,68.740002
2.5,800,800,800,800,-51.43,-53.740002,52,52,62,60,15,15,66.43,68.740002
2.505,800,800,800,800,-51.43,-53.749990011988,52,52,62,60,15,15,66.43,68.749990011988
2.51,800,800,800,800,-51.5098381638362,-53.6402187822178,52,52,62,60,15,15,66.5098381638362,68.6402187822178
2.515,800,800,800,800,-51.4900619280719,-53.5303286703297,52,52,62,60,15,15,66.4900619280719,68.5303286703297
2.52,800,800,800,800,-51.6991618431569,-53.5997182837163,52,50.0079920079915,60.0079920079915,58.0079920079915,15,15,66.6991618431569,68.5997182837163
2.525,800,800,800,800,-51.690046971223,-53.6980428993007,52,50.0391608391604,60,58.0783216783209,15,15,66.690046971223,68.6980428993007
2.53,800,800,800,800,-51.6204045944056,-53.5979541182818,50.0115884115881,52,60,62,15,15,66.6204045944056,68.5979541182817
2.535,800,800,800,800,-51.5802737078921,-53.4931667648351,50,52,60,61.9296703296718,15,15,66.5802737078921,68.4931667648351
2.54,800,800,800,800,-51.6792207948052,-53.672319728072,50,52,60,58,15,15,66.6792207948052,68.672319728072
2.545,800,800,800,800,-51.8584185736264,-53.8093776077922,50,52,60,58.0311688311689,15,15,66.8584185736264,68.8093776077922
2.55,800,800,800,800,-51.9887292629371,-53.7682497794206,51.9804195804197,52,60,60,15,15,66.9887292629371,68.7682497794206
2.555,800,800,800,800,-52.100179820979,-53.6504095652348,51.9972027972026,52,60.0027972027974,60,15,15,67.100179820979,68.6504095652348
2.56,800,800,800,800,-52.2300639484412,-53.680881294964,50,52,62,60,15,15,67.2300639484412,68.680881294964
2.565,800,800,800,800,-52.3899350515588,-53.7498821414585,50,52,62,60,15,15,67.3899350515588,68.7498821414585
2.57,800,800,800,800,-52.4698891090909,-53.7394625070929,50,52,62,60,15,15,67.4698891090909,68.7394625070929
2.575,800,800,800,800,-52.4101438585414,-53.689607420979,50,52,62,59.9804195804204,15,15,67.4101438585414,68.689607420979
2.58,800,800,800,800,-52.4996943056943,-53.6514085846154,51.9932067932069,52,60.0067932067931,58,15,15,67.4996943056943,68.6514085846154
2.585,800,800,800,800,-52.4701328637363,-53.8108581194805,52,52,60,58.0155844155845,15,15,67.4701328637363,68.8108581194805
2.59,800,800,800,800,-52.6092457552448,-53.9199300815185,50.0107892107889,52,60,60,15,15,67.6092457552448,68.9199300815185
2.595,800,800,800,800,-52.4311508555445,-53.910579408991,50,51.9884115884121,60,59.9884115884121,15,15,67.4311508555445,68.910579408991
2.6,800,800,800,800,-52.3009600463536,-54.0106693478521,50,50,61.9852147852154,58,15,15,67.3009600463536,69.0106693478521
2.605,800,800,800,800,-52.3594974867133,-54.1499260569544,50,50.0075939248592,62,58.0075939248592,15,15,67.3594974867133,69.1499260569544
2.61,800,800,800,800,-52.2906444852118,-54.1293416563437,51.9816147082339,52,62,60,15,15,67.2906444852118,69.1293416563437
2.615,800,800,800,800,-52.1316313696303,-53.9102397582417,52,51.9960039960049,62,59.9960039960049,15,15,67.1316313696303,68.9102397582417
2.62,800,800,800,800,-52.2701198791209,-54.0302287692308,52,50,60,58,15,15,67.2701198791209,69.0302287692308
2.625,800,800,800,800,-52.389999,-54.259998,52,50,60,58,15,15,67.389999,69.259998
2.63,800,800,800,800,-52.5298591398602,-54.2000609370629,50.0019980019976,51.9980019980017,60,59.9980019980017,15,15,67.5298591398602,69.2000609370629
2.635,800,800,800,800,-52.4800998981019,-54.180039962038,50,52,60,60,15,15,67.4800998981019,69.180039962038
2.64,800,800,800,800,-52.489972023976,-54.189969032967,51.994005994006,50.0059940059947,61.994005994006,58.0059940059947,15,15,67.489972023976,69.189969032967
2.645,800,800,800,800,-52.6493626393607,-54.3194805154845,52,50,62,58,15,15,67.6493626393607,69.3194805154845
2.65,800,800,800,800,-52.8191846618705,-54.2911757664335,52,52,62,60,15,15,67.8191846618705,69.2911757664336
2.655,800,800,800,800,-52.7901748203796,-54.353342673926,52,52,62,59.9628371628378,15,15,67.7901748203796,69.353342673926
2.66,800,800,800,800,-52.9191149034965,-54.531933065934,50.0135864135862,52,62,58,15,15,67.9191149034965,69.531933065934
2.665,800,800,800,800,-53.0192207636364,-54.6376773382617,50,52,62,58.0663336663344,15,15,68.0192207636364,69.6376773382617
2.67,800,800,800,800,-53.0794745098901,-54.4985974025974,50,52,62,62,15,15,68.0794745098901,69.4985974025974
2.675,800,800,800,800,-53.0403926181818,-54.4107292561439,50,52,62,61.9708291708294,15,15,68.0403926181818,69.4107292561439
2.68,800,800,800,800,-53.0100399622378,-54.459863163037,52,52,60,60,15,15,68.0100399622378,69.459863163037
2.685,800,800,800,800,-53.040060951239,-54.4478606870504,52,52,60.0007993605115,60,15,15,68.040060951239,69.4478606870504
2.69,800,800,800,800,-53.189939048761,-54.2790559666334,52,52,61.9992006394885,60,15,15,68.189939048761,69.2790559666334
2.695,800,800,800,800,-53.2698881104895,-54.2002167842158,52,52,62,60,15,15,68.2698881104895,69.2002167842158
2.7,800,800,800,800,-53.4196383644356,-54.220588393007,50.0047952047948,52,60.0047952047948,60,15,15,68.4196383644356,69.220588393007
2.705,800,800,800,800,-53.5296253702298,-54.2792957208791,50,52,60,60,15,15,68.5296253702298,69.2792957208791
2.71,800,800,800,800,-53.6892957032968,-54.1990659428571,50,52,61.9912087912093,60,15,15,68.6892957032968,69.1990659428571
2.715,800,800,800,800,-53.650217768032,-54.080817178022,50,51.9864135864138,62,59.9864135864138,15,15,68.650217768032,69.0808171780219
2.72,800,800,800,800,-53.6599360767233,-54.2013336615384,50,50,60.0127872127872,58,15,15,68.6599360767233,69.2013336615384
2.725,800,800,800,800,-53.7195574361639,-54.4295204891109,50,50.0095904095898,60,58.0095904095898,15,15,68.7195574361638,69.4295204891109
2.73,800,800,800,800,-53.7794955202797,-54.3298121404876,50,52,60,60,15,15,68.7794955202797,69.3298121404876
2.735,800,800,800,800,-53.7205525403677,-54.2803286703296,50,51.9940059940068,60,59.9940059940067,15,15,68.7205525403677,69.2803286703296
2.74,800,800,800,800,-53.8288811106893,-54.3903986023975,50,50,60,58,15,15,68.8288811106893,69.3903986023975
2.745,800,800,800,800,-53.8401098911089,-54.5899400589411,50,50.0019980019983,60,58.0019980019983,15,15,68.8401098911089,69.5899400589411
2.75,800,800,800,800,-53.950001,-54.529999,50,52,60,60,15,15,68.950001,69.529999
2.755,800,800,800,800,-53.9000519490509,-54.3501778211788,50,52,60,60,15,15,68.9000519490509,69.3501778211788
2.76,800,800,800,800,-53.9399190859141,-54.359981013986,50,50.0039960039966,61.9960039960041,58.0039960039966,15,15,68.9399190859141,69.359981013986
2.765,800,800,800,800,-54.0596413536464,-54.4397592457542,50,50,62,58,15,15,69.0596413536464,69.4397592457542
2.77,800,800,800,800,-54.1894795274726,-54.3204795164835,50,53.9840159840169,62,59.9920079920085,15,15,69.1894795274726,69.3204795164835
2.775,800,800,800,800,-54.3094254508393,-54.369999,50,53.9608391608395,62,60,15,15,69.3094254508393,69.369999
2.78,800,800,800,800,-54.4094205852148,-54.3733436553446,50,52,62,60,15,15,69.4094205852148,69.3733436553446
2.785,800,800,800,800,-54.4497292649351,-54.5489441076923,50,52,62,60,15,15,69.4497292649351,69.5489441076923
2.79,800,800,800,800,-54.5095304909091,-54.4909969552448,51.9844155844155,52,62,60,15,15,69.5095304909091,69.4909969552448
2.795,800,800,800,800,-54.509998,-54.5521808181818,52,51.9688311688311,62,59.9688311688311,15,15,69.509998,69.5521808181818
2.8,800,800,800,800,-54.470392579021,-54.692770257942,50.0195804195803,50,62,58,15,15,69.470392579021,69.692770257942
2.805,800,800,800,800,-54.5,-54.8802727418581,50,50.0271728271725,62,58.0271728271725,15,15,69.5,69.8802727418581
2.81,800,800,800,800,-54.499964028777,-54.8992465791367,50,52,62,60,15,15,69.499964028777,69.8992465791367
2.815,800,800,800,800,-54.410035971223,-54.840235776024,50,51.976423576424,62,59.976423576424,15,15,69.410035971223,69.840235776024
2.82,800,800,800,800,-54.5597912083917,-54.8614036081918,50,50,62,58,15,15,69.5597912083916,69.8614036081918
2.825,800,800,800,800,-54.7196173836164,-54.9893166461539,50,50.0195804195796,62,58.0195804195796,15,15,69.7196173836164,69.9893166461539
2.83,800,800,800,800,-54.7997272785215,-54.9187672395604,51.9932067932069,52,62,60,15,15,69.7997272785215,69.9187672395604
2.835,800,800,800,800,-54.5411438483516,-54.7796873350649,52,52,62,59.9844155844155,15,15,69.5411438483516,69.7796873350649
2.84,800,800,800,800,-54.6692967174825,-54.7407492255744,50.0107892107889,52,62,58,15,15,69.6692967174825,69.7407492255744
2.845,800,800,800,800,-54.8091058759241,-54.8497662491509,50,52,62,58.0115884115881,15,15,69.8091058759241,69.8497662491508
2.85,800,800,800,800,-54.9191848353647,-54.8094735274726,50,52,62,60,15,15,69.9191848353647,69.8094735274726
2.855,800,800,800,800,-54.9596633272727,-54.6999630227818,50,51.9924060751408,62,59.9924060751408,15,15,69.9596633272727,69.6999630227818
2.86,800,800,800,800,-54.959999,-54.690028976024,50,50,62,58,15,15,69.959999,69.690028976024
2.865,800,800,800,800,-54.959999,-54.6998011938062,50,50.0039960039951,62,58.0039960039951,15,15,69.959999,69.6998011938062
2.87,800,800,800,800,-54.959999,-54.5999280709291,50,52,62,60,15,15,69.959999,69.5999280709291
2.875,800,800,800,800,-54.959999,-54.529999,50,52,62,60,15,15,69.959999,69.529999
2.88,800,800,800,800,-54.959999,-54.7198111878122,50,52,62,58.0019980019983,15,15,69.959999,69.7198111878122
2.885,800,800,800,800,-54.959999,-54.7798791238761,50,52,62,58,15,15,69.959999,69.7798791238761
2.89,800,800,800,800,-54.959999,-54.5606603346654,50,52,62,59.9940059940053,15,15,69.959999,69.5606603346654
2.895,800,800,800,800,-54.959999,-54.5400809200799,50,52,62,60,15,15,69.959999,69.5400809200799
2.9,800,800,800,800,-54.959999,-54.6898032153846,50,52,62,60,15,15,69.959999,69.6898032153846
2.905,800,800,800,800,-54.959999,-54.6783276723277,50,52,62,60,15,15,69.959999,69.6783276723277
2.91,800,800,800,800,-54.959999,-54.5907033142857,50,52,62,60,15,15,69.959999,69.5907033142857
2.915,800,800,800,800,-54.959999,-54.6316593250749,50,51.9668331668328,62,59.9668331668328,15,15,69.959999,69.6316593250749
2.92,800,800,800,800,-54.959999,-54.7298441714286,50,50,62,58,15,15,69.959999,69.7298441714286
2.925,800,800,800,800,-54.959999,-54.720001,50,50,62,58.0291708291706,15,15,69.959999,69.720001
2.93,800,800,800,800,-54.959999,-54.7206803070929,50,50,62,60,15,15,69.959999,69.7206803070929
2.935,800,800,800,800,-54.959999,-54.7706294964029,50,50,62,59.9748201438855,15,15,69.959999,69.7706294964029
2.94,800,800,800,800,-54.959999,-54.8208251630369,50,50,62,58,15,15,69.959999,69.8208251630369
2.945,800,800,800,800,-54.959999,-54.8885963918082,50,50.0215784215777,62,58.0215784215777,15,15,69.959999,69.8885963918082
2.95,800,800,800,800,-54.959999,-54.7583336839161,50,52,62,60,15,15,69.959999,69.7583336839161
2.955,800,800,800,800,-54.959999,-54.5907032791209,50,51.9824175824172,62,59.9824175824173,15,15,69.959999,69.5907032791209
2.96,800,800,800,800,-54.959999,-54.6708551506494,50,50,62,58,15,15,69.959999,69.6708551506493
2.965,800,800,800,800,-54.959999,-54.7795234755245,50,50.0135864135862,62,58.0135864135862,15,15,69.959999,69.7795234755245
2.97,800,800,800,800,-54.959999,-54.7104625480519,50,52,62,60,15,15,69.959999,69.7104625480519
2.975,800,800,800,800,-54.959999,-54.7901448513486,50,52,62,59.9904095904102,15,15,69.959999,69.7901448513486
2.98,800,800,800,800,-54.959999,-54.8204936089128,50,52,62,58,15,15,69.959999,69.8204936089128
2.985,800,800,800,800,-54.959999,-54.9497612337663,50,51.9940059940068,62,58.0059940059933,15,15,69.959999,69.9497612337663
2.99,800,800,800,800,-54.959999,-54.8698791238761,50,50,62,60,15,15,69.959999,69.8698791238762
2.995,800,800,800,800,-54.959999,-54.8101008991009,50,50,62,59.9980019980017,15,15,69.959999,69.8101008991009
3,800,800,800,800,-54.959999,-54.91,50,50,62,58,15,15,69.959999,69.91
