time,pwma,pwmb,pitch,motor_a_speed,motor_b_speed,target_speed,target_angle,running_success_flag
302.244995,-19,-19,2.07,4,4,0,1.93,1
302.25,-40,-40,2.03,4,4,0,1.93,1
302.255005,-35,-35,2.11,2,2,0,1.93,1
302.26001,-42,-42,2.21,2,2,0,1.93,1
302.265015,-40,-40,2.18,2,2,0,0.97,1
302.269989,-82,-82,2.18,2,2,0,0.97,1
302.274994,-49,-49,2.13,0,0,0,0.97,1
302.279999,-20,-20,2.04,0,0,0,0.97,1
302.285004,10,10,1.94,0,0,0,0.02,1
302.290009,-33,-33,1.88,0,0,0,0.02,1
302.295013,-7,-7,1.68,-2,0,0,0.02,1
302.299988,24,24,1.54,-2,0,0,0.02,1
302.304993,48,48,1.41,0,0,0,-0.46,1
302.309998,25,25,1.24,0,0,0,-0.46,1
302.315002,40,40,1.06,0,0,0,0.02,1
302.320007,93,93,0.85,0,0,0,0.02,1
302.325012,107,107,0.77,0,0,0,0.02,1
302.329987,107,107,0.5,0,0,0,0.02,1
302.334991,131,131,0.3,2,2,0,0.02,1
302.339996,144,144,0.15,2,2,0,0.02,1
302.345001,135,135,-0.07,0,2,0,0.97,1
302.350006,211,211,-0.32,0,2,0,0.97,1
302.355011,198,198,-0.2,4,4,0,0.49,1
302.359985,97,97,-0.25,4,4,0,0.49,1
302.36499,194,194,-0.4,2,4,0,1.93,1
302.369995,187,187,-0.57,2,4,0,1.93,1
302.375,77,77,-0.42,4,6,0,1.45,1
302.380005,10,10,-0.27,4,6,0,1.45,1
302.38501,58,58,-0.12,6,6,0,2.41,1
302.390015,39,39,-0.04,6,6,0,2.41,1
302.394989,58,58,0.13,8,6,0,2.88,1
302.399994,28,28,0.29,8,6,0,2.88,1
302.404999,37,37,0.57,6,6,0,3.36,1
302.410004,33,33,0.79,6,6,0,3.36,1
302.415009,5,5,0.95,6,6,0,2.89,1
302.420013,24,24,1.06,6,6,0,2.89,1
302.424988,42,42,1.1,6,6,0,2.89,1
302.429993,56,56,1.08,6,6,0,2.89,1
302.434998,46,46,1.18,4,6,0,2.89,1
302.440002,40,40,1.23,4,6,0,2.89,1
302.445007,-6,-6,1.37,4,4,0,2.41,1
302.450012,1,1,1.37,4,4,0,2.41,1
302.454987,-46,-46,1.49,2,4,0,1.93,1
302.459991,-56,-56,1.6,2,4,0,1.93,1
302.464996,-88,-88,1.65,4,4,0,1.45,1
302.470001,-75,-75,1.71,4,4,0,1.45,1
302.475006,-25,-25,1.74,4,2,0,1.93,1
302.480011,-16,-16,1.78,4,2,0,1.93,1
302.484985,-36,-36,1.76,0,0,0,1.46,1
302.48999,-20,-20,1.83,0,0,0,1.46,1
302.494995,-105,-105,1.73,0,0,0,0.02,1
302.5,-105,-105,1.67,0,0,0,0.02,1
302.505005,-78,-78,1.55,0,0,0,0.02,1
302.51001,-61,-61,1.46,0,0,0,0.02,1
302.515015,-60,-60,1.4,0,0,0,0.02,1
302.519989,-67,-67,1.4,0,0,0,0.02,1
302.524994,-75,-75,1.25,0,0,0,0.02,1
302.529999,-59,-59,1.22,0,0,0,0.02,1
302.535004,-56,-56,1.14,-2,0,0,0.02,1
302.540009,-64,-64,1.15,-2,0,0,0.02,1
302.545013,-73,-73,1.22,-2,-2,0,-0.46,1
302.549988,-112,-112,1.21,-2,-2,0,-0.46,1
302.554993,-89,-89,1.02,0,-2,0,-0.93,1
302.559998,-91,-91,0.98,0,-2,0,-0.93,1
302.565002,-83,-83,0.89,-2,-2,0,-0.46,1
302.570007,-43,-43,0.91,-2,-2,0,-0.46,1
302.575012,-39,-39,0.69,-2,-4,0,-0.93,1
302.579987,-36,-36,0.57,-2,-4,0,-0.93,1
302.584991,-13,-13,0.41,-2,-4,0,-1.41,1
302.589996,-45,-45,0.35,-2,-4,0,-1.41,1
302.595001,-59,-59,0.26,-2,-4,0,-1.41,1
302.600006,-65,-65,0.2,-2,-4,0,-1.41,1
302.605011,-65,-65,0.11,-2,-2,0,-1.41,1
302.609985,-60,-60,0.11,-2,-2,0,-1.41,1
302.61499,-61,-61,-0.06,-2,-2,0,-0.94,1
302.619995,-7,-7,-0.15,-2,-2,0,-0.94,1
302.625,-4,-4,-0.17,-2,-2,0,-0.94,1
302.630005,-17,-17,-0.14,-2,-2,0,-0.94,1
302.63501,-24,-24,-0.32,-2,-4,0,-0.94,1
302.640015,-1,-1,-0.41,-2,-4,0,-0.94,1
302.644989,4,4,-0.45,-2,-2,0,-1.41,1
302.649994,-51,-51,-0.45,-2,-2,0,-1.41,1
302.654999,-73,-73,-0.49,-2,-2,0,-0.94,1
302.660004,-41,-41,-0.52,-2,-2,0,-0.94,1
302.665009,-47,-47,-0.52,-2,-2,0,-0.94,1
302.670013,-54,-54,-0.46,-2,-2,0,-0.94,1
302.674988,-57,-57,-0.56,-4,-4,0,-0.94,1
302.679993,-43,-43,-0.57,-4,-4,0,-0.94,1
302.684998,-46,-46,-0.57,-2,-2,0,-1.89,1
302.690002,-141,-141,-0.45,-2,-2,0,-1.89,1
302.695007,-166,-166,-0.52,-2,-2,0,-0.94,1
302.700012,-84,-84,-0.52,-2,-2,0,-0.94,1
302.704987,-86,-86,-0.35,-2,-2,0,-0.94,1
302.709991,-116,-116,-0.22,-2,-2,0,-0.94,1
302.714996,-119,-119,-0.38,-4,-6,0,-0.94,1
302.720001,-65,-65,-0.49,-4,-6,0,-0.94,1
302.725006,-31,-31,-0.6,-4,-4,0,-2.37,1
302.730011,-149,-149,-0.51,-4,-4,0,-2.37,1
302.734985,-170,-170,-0.63,-6,-6,0,-1.9,1
302.73999,-124,-124,-0.65,-6,-6,0,-1.9,1
302.744995,-122,-122,-0.46,-6,-4,0,-2.85,1
302.75,-229,-229,-0.36,-6,-4,0,-2.85,1
302.755005,-228,-228,-0.61,-6,-8,0,-2.37,1
302.76001,-127,-127,-0.71,-6,-8,0,-2.37,1
302.765015,-101,-101,-0.58,-6,-6,0,-3.33,1
302.769989,-204,-204,-0.57,-6,-6,0,-3.33,1
302.774994,-202,-202,-0.54,-10,-10,0,-2.85,1
302.779999,-155,-155,-0.66,-10,-10,0,-2.85,1
302.785004,-120,-120,-0.7,-8,-8,0,-4.77,1
302.790009,-258,-258,-0.73,-8,-8,0,-4.77,1
302.795013,-245,-245,-0.91,-10,-10,0,-3.81,1
302.799988,-141,-141,-0.94,-10,-10,0,-3.81,1
302.804993,-137,-137,-0.9,-8,-10,0,-4.77,1
302.809998,-233,-233,-0.9,-8,-10,0,-4.77,1
302.815002,-223,-223,-1.13,-12,-12,0,-4.29,1
302.820007,-137,-137,-1.2,-12,-12,0,-4.29,1
302.825012,-105,-105,-1.32,-12,-10,0,-5.73,1
302.829987,-204,-204,-1.48,-12,-10,0,-5.73,1
302.834991,-174,-174,-1.75,-14,-14,0,-5.25,1
302.839996,-108,-108,-1.82,-14,-14,0,-5.25,1
302.845001,-107,-107,-1.88,-10,-10,0,-6.68,1
302.850006,-227,-227,-1.97,-10,-10,0,-6.68,1
302.855011,-205,-205,-2.28,-12,-14,0,-4.77,1
302.859985,-11,-11,-2.37,-12,-14,0,-4.77,1
302.86499,-4,-4,-2.44,-10,-10,0,-6.21,1
302.869995,-125,-125,-2.55,-10,-10,0,-6.21,1
302.875,-114,-114,-2.79,-12,-14,0,-4.78,1
302.880005,35,35,-2.94,-12,-14,0,-4.78,1
302.88501,56,56,-3.21,-10,-12,0,-6.21,1
302.890015,-42,-42,-3.3,-10,-12,0,-6.21,1
302.894989,-40,-40,-3.51,-10,-12,0,-5.26,1
302.899994,43,43,-3.65,-10,-12,0,-5.26,1
302.904999,46,46,-3.84,-10,-10,0,-5.26,1
302.910004,47,47,-3.93,-10,-10,0,-5.26,1
302.915009,33,33,-4.06,-8,-10,0,-4.78,1
302.920013,57,57,-4.11,-8,-10,0,-4.78,1
302.924988,39,39,-4.11,-6,-6,0,-4.3,1
302.929993,50,50,-4.14,-6,-6,0,-4.3,1
302.934998,27,27,-4.12,-4,-6,0,-2.87,1
302.940002,120,120,-4.12,-4,-6,0,-2.87,1
302.945007,101,101,-4.08,-4,-4,0,-2.39,1
302.950012,119,119,-4.06,-4,-4,0,-2.39,1
302.954987,105,105,-3.94,-4,-2,0,-1.92,1
302.959991,116,116,-3.9,-4,-2,0,-1.92,1
302.964996,97,97,-3.83,-2,-2,0,-1.44,1
302.970001,114,114,-3.78,-2,-2,0,-1.44,1
302.975006,82,82,-3.5,0,0,0,-0.96,1
302.980011,70,70,-3.36,0,0,0,-0.96,1
302.984985,45,45,-3.16,2,2,0,0,1
302.98999,110,110,-3.09,2,2,0,0,1
302.994995,100,100,-2.83,2,2,0,0.95,1
303,146,146,-2.63,2,2,0,0.95,1
303.005005,122,122,-2.48,2,2,0,0.95,1
303.01001,114,114,-2.39,2,2,0,0.95,1
303.015015,103,103,-2.06,2,4,0,0.95,1
303.019989,62,62,-1.84,2,4,0,0.95,1
303.024994,43,43,-1.69,2,4,0,1.43,1
303.029999,85,85,-1.6,2,4,0,1.43,1
303.035004,82,82,-1.27,4,4,0,1.43,1
303.040009,39,39,-1.04,4,4,0,1.43,1
303.045013,19,19,-0.81,4,4,0,1.91,1
303.049988,57,57,-0.73,4,4,0,1.91,1
303.054993,68,68,-0.51,4,4,0,1.91,1
303.059998,53,53,-0.34,4,4,0,1.91,1
303.065002,39,39,-0.14,4,4,0,1.91,1
303.070007,35,35,-0.09,4,4,0,1.91,1
303.075012,49,49,0.09,4,4,0,1.91,1
303.079987,42,42,0.22,4,4,0,1.91,1
303.084991,38,38,0.32,4,4,0,1.91,1
303.089996,43,43,0.35,4,4,0,1.91,1
303.095001,54,54,0.49,4,4,0,1.91,1
303.100006,48,48,0.57,4,4,0,1.91,1
303.105011,50,50,0.63,2,4,0,1.91,1
303.109985,60,60,0.59,2,4,0,1.91,1
303.11499,74,74,0.71,2,2,0,1.43,1
303.119995,26,26,0.8,2,2,0,1.43,1
303.125,24,24,0.8,2,2,0,0.96,1
303.130005,-1,-1,0.68,2,2,0,0.96,1
303.13501,16,16,0.8,4,4,0,0.96,1
303.140015,-5,-5,0.89,4,4,0,0.96,1
303.144989,-20,-20,0.95,4,2,0,1.91,1
303.149994,69,69,0.95,4,2,0,1.91,1
303.154999,99,99,0.91,4,4,0,1.44,1
303.160004,89,89,0.82,4,4,0,1.44,1
303.165009,112,112,0.67,2,2,0,1.91,1
303.170013,162,162,0.57,2,2,0,1.91,1
303.174988,146,146,0.71,4,4,0,0.96,1
303.179993,30,30,0.73,4,4,0,0.96,1
303.184998,20,20,0.71,4,4,0,1.91,1
303.190002,112,112,0.5,4,4,0,1.91,1
303.195007,129,129,0.62,4,6,0,1.91,1
303.200012,90,90,0.67,4,6,0,1.91,1
303.204987,55,55,0.84,4,6,0,2.39,1
303.209991,77,77,0.8,4,6,0,2.39,1
303.214996,84,84,0.9,6,6,0,2.39,1
303.220001,75,75,0.95,6,6,0,2.39,1
303.225006,65,65,1.06,6,6,0,2.87,1
303.230011,100,100,1.05,6,6,0,2.87,1
303.234985,108,108,1.18,6,6,0,2.87,1
303.23999,104,104,1.21,6,6,0,2.87,1
303.244995,108,108,1.18,4,6,0,2.87,1
303.25,123,123,1.13,4,6,0,2.87,1
303.255005,127,127,1.34,6,6,0,2.4,1
303.26001,54,54,1.37,6,6,0,2.4,1
303.265015,49,49,1.36,6,6,0,2.87,1
303.269989,104,104,1.25,6,6,0,2.87,1
303.274994,120,120,1.4,8,6,0,2.87,1
303.279999,96,96,1.48,8,6,0,2.87,1
303.285004,78,78,1.52,6,6,0,3.35,1
303.290009,124,124,1.5,6,6,0,3.35,1
303.295013,133,133,1.62,6,6,0,2.88,1
303.299988,83,83,1.56,6,6,0,2.88,1
303.304993,88,88,1.6,6,6,0,2.88,1
303.309998,94,94,1.54,6,6,0,2.88,1
303.315002,100,100,1.7,8,8,0,2.88,1
303.320007,68,68,1.71,8,8,0,2.88,1
303.325012,58,58,1.8,8,8,0,3.83,1
303.329987,137,137,1.76,8,8,0,3.83,1
303.334991,150,150,1.87,6,6,0,3.83,1
303.339996,151,151,1.86,6,6,0,3.83,1
303.345001,161,161,1.79,8,8,0,2.88,1
303.350006,102,102,1.62,8,8,0,2.88,1
303.355011,112,112,1.76,8,8,0,3.84,1
303.359985,147,147,1.79,8,8,0,3.84,1
303.36499,127,127,1.91,6,6,0,3.84,1
303.369995,126,126,1.82,6,6,0,3.84,1
303.375,142,142,1.91,8,8,0,2.88,1
303.380005,58,58,1.96,8,8,0,2.88,1
303.38501,50,50,1.84,8,8,0,3.84,1
303.390015,143,143,1.75,8,8,0,3.84,1
303.394989,144,144,1.95,8,8,0,3.84,1
303.399994,104,104,2,8,8,0,3.84,1
303.404999,85,85,2,8,8,0,3.84,1
303.410004,92,92,1.93,8,8,0,3.84,1
303.415009,101,101,2.03,8,8,0,3.84,1
303.420013,84,84,2.11,8,8,0,3.84,1
303.424988,63,63,2.26,8,8,0,3.84,1
303.429993,51,51,2.27,8,8,0,3.84,1
303.434998,49,49,2.43,8,8,0,3.84,1
303.440002,37,37,2.46,8,8,0,3.84,1
303.445007,34,34,2.55,8,6,0,3.84,1
303.450012,36,36,2.55,8,6,0,3.84,1
303.454987,50,50,2.61,6,6,0,3.37,1
303.459991,22,22,2.57,6,6,0,3.37,1
303.464996,36,36,2.62,6,6,0,2.89,1
303.470001,-2,-2,2.57,6,6,0,2.89,1
303.475006,8,8,2.61,6,4,0,2.89,1
303.480011,8,8,2.64,6,4,0,2.89,1
303.484985,7,7,2.63,6,4,0,2.41,1
303.48999,-17,-17,2.6,6,4,0,2.41,1
303.494995,3,3,2.57,2,2,0,2.41,1
303.5,23,23,2.48,2,2,0,2.41,1
303.505005,46,46,2.4,2,2,0,0.98,1
303.51001,-53,-53,2.35,2,2,0,0.98,1
303.515015,-45,-45,2.28,4,4,0,0.98,1
303.519989,-33,-33,2.22,4,4,0,0.98,1
303.524994,-19,-19,2.11,0,0,0,1.94,1
303.529999,88,88,2.04,0,0,0,1.94,1
303.535004,116,116,1.85,0,0,0,0.02,1
303.540009,0,0,1.63,0,0,0,0.02,1
303.545013,32,32,1.38,2,2,0,0.02,1
303.549988,40,40,1.14,2,2,0,0.02,1
303.554993,19,19,1.25,2,2,0,0.98,1
303.559998,34,34,1.25,2,2,0,0.98,1
303.565002,8,8,1.23,2,2,0,0.98,1
303.570007,13,13,1.22,2,2,0,0.98,1
303.575012,29,29,1.14,0,2,0,0.98,1
303.579987,54,54,0.94,0,2,0,0.98,1
303.584991,81,81,0.88,2,0,0,0.5,1
303.589996,40,40,0.82,2,0,0,0.5,1
303.595001,29,29,0.81,0,2,0,0.5,1
303.600006,21,21,0.74,0,2,0,0.5,1
303.605011,28,28,0.68,2,2,0,0.5,1
303.609985,34,34,0.58,2,2,0,0.5,1
303.61499,43,43,0.55,0,2,0,0.98,1
303.619995,79,79,0.48,0,2,0,0.98,1
303.625,80,80,0.4,0,0,0,0.5,1
303.630005,42,42,0.29,0,0,0,0.5,1
303.63501,39,39,0.34,2,0,0,0.02,1
303.640015,-21,-21,0.35,2,0,0,0.02,1
303.644989,-30,-30,0.3,0,2,0,0.5,1
303.649994,12,12,0.19,0,2,0,0.5,1
303.654999,19,19,0.24,2,2,0,0.5,1
303.660004,-3,-3,0.3,2,2,0,0.5,1
303.665009,-22,-22,0.31,2,0,0,0.98,1
303.670013,14,14,0.27,2,0,0,0.98,1
303.674988,20,20,0.31,2,2,0,0.5,1
303.679993,-28,-28,0.33,2,2,0,0.5,1
303.684998,-39,-39,0.37,2,2,0,0.98,1
303.690002,-5,-5,0.35,2,2,0,0.98,1
303.695007,-2,-2,0.4,2,0,0,0.98,1
303.700012,-11,-11,0.49,2,0,0,0.98,1
303.704987,-28,-28,0.54,0,0,0,0.5,1
303.709991,-68,-68,0.56,0,0,0,0.5,1
303.714996,-59,-59,0.57,0,2,0,0.03,1
303.720001,-93,-93,0.64,0,2,0,0.03,1
303.725006,-101,-101,0.6,0,0,0,0.5,1
303.730011,-55,-55,0.65,0,0,0,0.5,1
303.734985,-56,-56,0.62,-2,0,0,0.03,1
303.73999,-99,-99,0.69,-2,0,0,0.03,1
303.744995,-112,-112,0.7,-2,0,0,-0.45,1
303.75,-152,-152,0.8,-2,0,0,-0.45,1
303.755005,-162,-162,0.79,-2,0,0,-0.45,1
303.76001,-157,-157,0.82,-2,0,0,-0.45,1
303.765015,-150,-150,0.97,-2,-2,0,-0.45,1
303.769989,-145,-145,1,-2,-2,0,-0.45,1
303.774994,-108,-108,0.78,-4,-6,0,-0.93,1
303.779999,-79,-79,0.67,-4,-6,0,-0.93,1
303.785004,-48,-48,0.51,-4,-6,0,-2.36,1
303.790009,-155,-155,0.53,-4,-6,0,-2.36,1
303.795013,-162,-162,0.36,-4,-6,0,-2.37,1
303.799988,-140,-140,0.24,-4,-6,0,-2.37,1
303.804993,-120,-120,0.19,-4,-4,0,-2.37,1
303.809998,-122,-122,0.28,-4,-4,0,-2.37,1
303.815002,-122,-122,-0.03,-8,-6,0,-1.89,1
303.820007,-24,-24,-0.14,-8,-6,0,-1.89,1
303.825012,10,10,-0.41,-6,-6,0,-3.32,1
303.829987,-83,-83,-0.48,-6,-6,0,-3.32,1
303.834991,-77,-77,-0.69,-8,-6,0,-2.85,1
303.839996,-24,-24,-0.73,-8,-6,0,-2.85,1
303.845001,-21,-21,-0.91,-6,-6,0,-3.32,1
303.850006,-47,-47,-0.96,-6,-6,0,-3.32,1
303.855011,-39,-39,-1.19,-8,-8,0,-2.85,1
303.859985,26,26,-1.3,-8,-8,0,-2.85,1
303.86499,36,36,-1.45,-6,-6,0,-3.8,1
303.869995,-28,-28,-1.56,-6,-6,0,-3.8,1
303.875,-26,-26,-1.7,-4,-6,0,-2.85,1
303.880005,54,54,-1.78,-4,-6,0,-2.85,1
303.88501,52,52,-1.91,-4,-6,0,-2.37,1
303.890015,97,97,-1.99,-4,-6,0,-2.37,1
303.894989,95,95,-2.11,-4,-4,0,-2.37,1
303.899994,97,97,-2.22,-4,-4,0,-2.37,1
303.904999,97,97,-2.24,-4,-2,0,-1.89,1
303.910004,118,118,-2.35,-4,-2,0,-1.89,1
303.915009,106,106,-2.32,0,0,0,-1.42,1
303.920013,128,128,-2.4,0,0,0,-1.42,1
303.924988,119,119,-2.5,0,0,0,0.02,1
303.929993,218,218,-2.52,0,0,0,0.02,1
303.934998,180,180,-2.27,2,2,0,0.02,1
303.940002,114,114,-2.19,2,2,0,0.02,1
303.945007,87,87,-2.19,2,2,0,0.97,1
303.950012,166,166,-2.25,2,2,0,0.97,1
303.954987,156,156,-1.97,6,6,0,0.97,1
303.959991,86,86,-1.77,6,6,0,0.97,1
303.964996,30,30,-1.5,4,4,0,2.89,1
303.970001,157,157,-1.44,4,4,0,2.89,1
303.975006,148,148,-1.12,6,8,0,1.93,1
303.980011,24,24,-0.86,6,8,0,1.93,1
303.984985,-21,-21,-0.61,6,6,0,3.37,1
303.98999,80,80,-0.49,6,6,0,3.37,1
303.994995,73,73,-0.15,8,8,0,2.89,1
304,-1,-1,0.06,8,8,0,2.89,1
304.005005,-35,-35,0.41,6,6,0,3.84,1
304.01001,15,15,0.65,6,6,0,3.84,1
304.015015,6,6,0.92,6,6,0,2.89,1
304.019989,-73,-73,1.1,6,6,0,2.89,1
304.024994,-67,-67,1.31,4,6,0,2.89,1
304.029999,-61,-61,1.53,4,6,0,2.89,1
304.035004,-50,-50,1.72,4,6,0,2.41,1
304.040009,-70,-70,1.9,4,6,0,2.41,1
304.045013,-55,-55,1.96,2,4,0,2.41,1
304.049988,-20,-20,2.09,2,4,0,2.41,1
304.054993,13,13,2.03,2,2,0,1.46,1
304.059998,-13,-13,1.85,2,2,0,1.46,1
304.065002,48,48,1.76,2,2,0,0.98,1
304.070007,34,34,1.69,2,2,0,0.98,1
304.075012,33,33,1.68,2,0,0,0.98,1
304.079987,31,31,1.59,2,0,0,0.98,1
304.084991,50,50,1.44,2,2,0,0.5,1
304.089996,39,39,1.24,2,2,0,0.5,1
304.095001,60,60,1.2,2,0,0,0.98,1
304.100006,90,90,1.13,2,0,0,0.98,1
304.105011,86,86,0.99,0,0,0,0.5,1
304.109985,63,63,0.75,0,0,0,0.5,1
304.11499,81,81,0.77,2,2,0,0.02,1
304.119995,16,16,0.74,2,2,0,0.02,1
304.125,0,0,0.72,2,2,0,0.98,1
304.130005,76,76,0.5,2,2,0,0.98,1
304.13501,90,90,0.56,4,2,0,0.98,1
304.140015,59,59,0.59,4,2,0,0.98,1
304.144989,27,27,0.61,2,2,0,1.46,1
304.149994,56,56,0.51,2,2,0,1.46,1
304.154999,57,57,0.64,4,4,0,0.98,1
304.160004,-16,-16,0.71,4,4,0,0.98,1
304.165009,-44,-44,0.83,2,4,0,1.94,1
304.170013,22,22,0.78,2,4,0,1.94,1
304.174988,33,33,0.87,4,4,0,1.46,1
304.179993,-12,-12,0.97,4,4,0,1.46,1
304.184998,-31,-31,1.05,4,2,0,1.94,1
304.190002,2,2,1.03,4,2,0,1.94,1
304.195007,14,14,1.1,4,2,0,1.46,1
304.200012,-30,-30,1.17,4,2,0,1.46,1
304.204987,-37,-37,1.22,2,2,0,1.46,1
304.209991,-33,-33,1.23,2,2,0,1.46,1
304.214996,-21,-21,1.26,2,2,0,0.98,1
304.220001,-55,-55,1.33,2,2,0,0.98,1
304.225006,-57,-57,1.33,2,2,0,0.98,1
304.230011,-44,-44,1.34,2,2,0,0.98,1
304.234985,-28,-28,1.27,2,0,0,0.98,1
304.23999,-8,-8,1.24,2,0,0,0.98,1
304.244995,3,3,1.18,0,2,0,0.51,1
304.25,-28,-28,1.16,0,2,0,0.51,1
304.255005,-26,-26,1.07,-2,0,0,0.51,1
304.26001,-20,-20,1.03,-2,0,0,0.51,1
304.265015,-21,-21,0.97,0,0,0,-0.45,1
304.269989,-97,-97,0.96,0,0,0,-0.45,1
304.274994,-107,-107,0.92,0,0,0,0.03,1
304.279999,-77,-77,0.93,0,0,0,0.03,1
304.285004,-84,-84,0.84,-2,0,0,0.03,1
304.290009,-72,-72,0.89,-2,0,0,0.03,1
304.295013,-78,-78,0.89,-2,-2,0,-0.45,1
304.299988,-120,-120,0.84,-2,-2,0,-0.45,1
304.304993,-90,-90,0.75,-2,-2,0,-0.93,1
304.309998,-100,-100,0.75,-2,-2,0,-0.93,1
304.315002,-91,-91,0.57,-2,-4,0,-0.93,1
304.320007,-71,-71,0.51,-2,-4,0,-0.93,1
304.325012,-68,-68,0.47,-2,-4,0,-1.41,1
304.329987,-116,-116,0.45,-2,-4,0,-1.41,1
304.334991,-113,-113,0.19,-4,-4,0,-1.41,1
304.339996,-78,-78,0.09,-4,-4,0,-1.41,1
304.345001,-76,-76,0.07,-4,-4,0,-1.89,1
304.350006,-139,-139,0.18,-4,-4,0,-1.89,1
304.355011,-161,-161,0,-4,-6,0,-1.89,1
304.359985,-136,-136,-0.11,-4,-6,0,-1.89,1
304.36499,-120,-120,-0.11,-4,-4,0,-2.36,1
304.369995,-178,-178,-0.02,-4,-4,0,-2.36,1
304.375,-195,-195,-0.2,-6,-6,0,-1.89,1
304.380005,-124,-124,-0.29,-6,-6,0,-1.89,1
304.38501,-100,-100,-0.16,-6,-6,0,-2.84,1
304.390015,-201,-201,-0.12,-6,-6,0,-2.84,1
304.394989,-203,-203,-0.35,-8,-8,0,-2.84,1
304.399994,-150,-150,-0.44,-8,-8,0,-2.84,1
304.404999,-121,-121,-0.43,-8,-8,0,-3.8,1
304.410004,-207,-207,-0.39,-8,-8,0,-3.8,1
304.415009,-207,-207,-0.51,-10,-10,0,-3.8,1
304.420013,-177,-177,-0.67,-10,-10,0,-3.8,1
304.424988,-137,-137,-0.67,-8,-10,0,-4.76,1
304.429993,-214,-214,-0.74,-8,-10,0,-4.76,1
304.434998,-203,-203,-1,-10,-10,0,-4.28,1
304.440002,-133,-133,-1.05,-10,-10,0,-4.28,1
304.445007,-122,-122,-1.07,-8,-12,0,-4.76,1
304.450012,-163,-163,-1.11,-8,-12,0,-4.76,1
304.454987,-141,-141,-1.46,-12,-12,0,-4.76,1
304.459991,-73,-73,-1.55,-12,-12,0,-4.76,1
304.464996,-42,-42,-1.84,-10,-10,0,-5.72,1
304.470001,-90,-90,-1.97,-10,-10,0,-5.72,1
304.475006,-69,-69,-2.26,-10,-10,0,-4.76,1
304.480011,30,30,-2.38,-10,-10,0,-4.76,1
304.484985,33,33,-2.68,-10,-12,0,-4.76,1
304.48999,53,53,-2.86,-10,-12,0,-4.76,1
304.494995,60,60,-3.09,-10,-10,0,-5.24,1
304.5,23,23,-3.34,-10,-10,0,-5.24,1
304.505005,21,21,-3.38,-6,-8,0,-4.77,1
304.51001,22,22,-3.53,-6,-8,0,-4.77,1
304.515015,-10,-10,-3.53,-4,-6,0,-3.33,1
304.519989,72,72,-3.54,-4,-6,0,-3.33,1
304.524994,43,43,-3.6,-4,-4,0,-2.38,1
304.529999,107,107,-3.57,-4,-4,0,-2.38,1
304.535004,91,91,-3.53,-2,-4,0,-1.9,1
304.540009,107,107,-3.52,-2,-4,0,-1.9,1
304.545013,94,94,-3.48,0,-2,0,-1.42,1
304.549988,109,109,-3.5,0,-2,0,-1.42,1
304.554993,73,73,-3.29,0,0,0,-0.47,1
304.559998,93,93,-3.08,0,0,0,-0.47,1
304.565002,46,46,-2.84,0,0,0,0.01,1
304.570007,55,55,-2.76,0,0,0,0.01,1
304.575012,46,46,-2.49,2,2,0,0.01,1
304.579987,13,13,-2.3,2,2,0,0.01,1
304.584991,-13,-13,-2.11,2,2,0,0.97,1
304.589996,50,50,-1.98,2,2,0,0.97,1
304.595001,45,45,-1.71,2,0,0,0.97,1
304.600006,18,18,-1.51,2,0,0,0.97,1
304.605011,1,1,-1.32,2,0,0,0.49,1
304.609985,-41,-41,-1.22,2,0,0,0.49,1
304.61499,-40,-40,-0.96,2,2,0,0.49,1
304.619995,-65,-65,-0.67,2,2,0,0.49,1
304.625,-89,-89,-0.54,2,2,0,0.97,1
304.630005,-32,-32,-0.34,2,2,0,0.97,1
304.63501,-10,-10,-0.31,0,0,0,0.97,1
304.640015,19,19,-0.28,0,0,0,0.97,1
304.644989,38,38,-0.2,-2,0,0,0.01,1
304.649994,-39,-39,-0.12,-2,0,0,0.01,1
304.654999,-47,-47,-0.06,0,-2,0,-0.47,1
304.660004,-86,-86,0.04,0,-2,0,-0.47,1
304.665009,-86,-86,0,0,0,0,-0.47,1
304.670013,-66,-66,0.06,0,0,0,-0.47,1
304.674988,-63,-63,0.08,0,0,0,0.01,1
304.679993,-29,-29,0.14,0,0,0,0.01,1
304.684998,-31,-31,0.12,0,-2,0,0.01,1
304.690002,-12,-12,0.21,0,-2,0,0.01,1
304.695007,-5,-5,0.2,-4,-2,0,-0.47,1
304.700012,-26,-26,0.11,-4,-2,0,-0.47,1
304.704987,12,12,0.05,-2,-2,0,-1.42,1
304.709991,-39,-39,-0.04,-2,-2,0,-1.42,1
304.714996,-27,-27,-0.14,0,0,0,-0.94,1
304.720001,20,20,-0.13,0,0,0,-0.94,1
304.725006,14,14,-0.23,0,0,0,0.01,1
304.730011,98,98,-0.28,0,0,0,0.01,1
304.734985,104,104,-0.35,0,0,0,0.01,1
304.73999,109,109,-0.5,0,0,0,0.01,1
304.744995,121,121,-0.41,0,0,0,0.01,1
304.75,105,105,-0.51,0,0,0,0.01,1
304.755005,100,100,-0.47,2,0,0,0.01,1
304.76001,97,97,-0.58,2,0,0,0.01,1
304.765015,107,107,-0.62,2,2,0,0.49,1
304.769989,145,145,-0.91,2,2,0,0.49,1
304.774994,156,156,-0.86,4,2,0,0.97,1
304.779999,143,143,-0.7,4,2,0,0.97,1
304.785004,76,76,-0.67,4,4,0,1.45,1
304.790009,95,95,-0.74,4,4,0,1.45,1
304.795013,90,90,-0.49,4,4,0,1.92,1
304.799988,72,72,-0.29,4,4,0,1.92,1
304.804993,23,23,-0.04,4,6,0,1.92,1
304.809998,4,4,0.03,4,6,0,1.92,1
304.815002,13,13,0.16,4,6,0,2.4,1
304.820007,50,50,0.29,4,6,0,2.4,1
304.825012,38,38,0.44,4,4,0,2.4,1
304.829987,36,36,0.54,4,4,0,2.4,1
304.834991,53,53,0.6,2,4,0,1.93,1
304.839996,34,34,0.58,2,4,0,1.93,1
304.845001,51,51,0.69,2,4,0,1.45,1
304.850006,4,4,0.69,2,4,0,1.45,1
304.855011,-1,-1,0.83,4,2,0,1.45,1
304.859985,-15,-15,0.97,4,2,0,1.45,1
304.86499,-18,-18,0.97,2,2,0,1.45,1
304.869995,10,10,0.93,2,2,0,1.45,1
304.875,42,42,0.92,2,2,0,0.97,1
304.880005,15,15,0.88,2,2,0,0.97,1
304.88501,20,20,0.92,2,2,0,0.97,1
304.890015,15,15,0.86,2,2,0,0.97,1
304.894989,23,23,0.87,2,4,0,0.97,1
304.899994,23,23,0.87,2,4,0,0.97,1
304.904999,23,23,0.84,2,2,0,1.45,1
304.910004,68,68,0.78,2,2,0,1.45,1
304.915009,77,77,0.81,2,2,0,0.97,1
304.920013,35,35,0.81,2,2,0,0.97,1
304.924988,38,38,0.72,2,0,0,0.97,1
304.929993,47,47,0.58,2,0,0,0.97,1
304.934998,44,44,0.75,2,2,0,0.49,1
304.940002,-37,-37,0.83,2,2,0,0.49,1
304.945007,-55,-55,0.9,2,2,0,0.97,1
304.950012,-9,-9,0.8,2,2,0,0.97,1
304.954987,17,17,0.84,4,2,0,0.97,1
304.959991,12,12,0.92,4,2,0,0.97,1
304.964996,-6,-6,0.98,2,2,0,1.45,1
304.970001,33,33,0.93,2,2,0,1.45,1
304.975006,59,59,0.88,0,2,0,0.97,1
304.980011,42,42,0.78,0,2,0,0.97,1
304.984985,55,55,0.79,2,2,0,0.5,1
304.98999,11,11,0.72,2,2,0,0.5,1
304.994995,9,9,0.81,2,2,0,0.97,1
305,29,29,0.88,2,2,0,0.97,1
305.005005,24,24,0.82,2,2,0,0.97,1
305.01001,51,51,0.75,2,2,0,0.97,1
305.015015,81,81,0.72,0,2,0,0.97,1
305.019989,91,91,0.64,0,2,0,0.97,1
305.024994,102,102,0.56,0,0,0,0.5,1
305.029999,72,72,0.4,0,0,0,0.5,1
305.035004,72,72,0.51,4,2,0,0.02,1
305.040009,0,0,0.59,4,2,0,0.02,1
305.045013,-9,-9,0.56,4,2,0,1.45,1
305.049988,127,127,0.39,4,2,0,1.45,1
305.054993,158,158,0.48,2,2,0,1.45,1
305.059998,139,139,0.55,2,2,0,1.45,1
305.065002,124,124,0.36,2,2,0,0.97,1
305.070007,117,117,0.17,2,2,0,0.97,1
305.075012,131,131,0.32,4,4,0,0.97,1
305.079987,78,78,0.28,4,4,0,0.97,1
305.084991,50,50,0.44,4,4,0,1.93,1
305.089996,121,121,0.3,4,4,0,1.93,1
305.095001,144,144,0.3,6,6,0,1.93,1
305.100006,148,148,0.25,6,6,0,1.93,1
305.105011,137,137,0.23,6,4,0,2.89,1
305.109985,210,210,0.13,6,4,0,2.89,1
305.11499,205,205,0.36,6,8,0,2.41,1
305.119995,126,126,0.33,6,8,0,2.41,1
305.125,118,118,0.13,6,6,0,3.37,1
305.130005,220,220,0.02,6,6,0,3.37,1
305.13501,203,203,0.32,8,8,0,2.89,1
305.140015,77,77,0.42,8,8,0,2.89,1
305.144989,30,30,0.58,8,10,0,3.85,1
305.149994,87,87,0.73,8,10,0,3.85,1
305.154999,65,65,0.87,10,10,0,4.33,1
305.160004,98,98,0.93,10,10,0,4.33,1
305.165009,88,88,1.24,10,10,0,4.8,1
305.170013,92,92,1.42,10,10,0,4.8,1
305.174988,76,76,1.61,8,10,0,4.8,1
305.179993,79,79,1.77,8,10,0,4.8,1
305.184998,91,91,1.89,8,8,0,4.33,1
305.190002,64,64,1.9,8,8,0,4.33,1
305.195007,73,73,2.12,6,8,0,3.85,1
305.200012,15,15,2.23,6,8,0,3.85,1
305.204987,5,5,2.4,8,8,0,3.37,1
305.209991,-41,-41,2.46,8,8,0,3.37,1
305.214996,-39,-39,2.62,6,8,0,3.85,1
305.220001,-4,-4,2.75,6,8,0,3.85,1
305.225006,1,1,2.74,6,4,0,3.38,1
305.230011,-7,-7,2.84,6,4,0,3.38,1
305.234985,10,10,2.87,2,4,0,2.42,1
305.23999,-45,-45,2.8,2,4,0,2.42,1
305.244995,-10,-10,2.81,2,2,0,1.46,1
305.25,-66,-66,2.7,2,2,0,1.46,1
305.255005,-37,-37,2.57,2,4,0,0.99,1
305.26001,-51,-51,2.55,2,4,0,0.99,1
305.265015,-52,-52,2.45,0,2,0,1.46,1
305.269989,-3,-3,2.42,0,2,0,1.46,1
305.274994,14,14,2.33,2,0,0,0.51,1
305.279999,-39,-39,2.17,2,0,0,0.51,1
305.285004,-3,-3,2.03,0,0,0,0.51,1
305.290009,20,20,1.85,0,0,0,0.51,1
305.295013,33,33,1.74,0,0,0,0.03,1
305.299988,-5,-5,1.63,0,0,0,0.03,1
305.304993,-3,-3,1.52,0,0,0,0.03,1
305.309998,0,0,1.31,0,0,0,0.03,1
305.315002,13,13,1.26,0,0,0,0.03,1
305.320007,6,6,1.2,0,0,0,0.03,1
305.325012,0,0,1.09,0,0,0,0.03,1
305.329987,11,11,0.94,0,0,0,0.03,1
305.334991,28,28,0.84,0,0,0,0.03,1
305.339996,30,30,0.69,0,0,0,0.03,1
305.345001,36,36,0.61,0,0,0,0.03,1
305.350006,35,35,0.5,0,0,0,0.03,1
305.355011,36,36,0.45,2,0,0,0.03,1
305.359985,28,28,0.35,2,0,0,0.03,1
305.36499,30,30,0.26,2,0,0,0.51,1
305.369995,70,70,0.14,2,0,0,0.51,1
305.375,70,70,0.17,2,0,0,0.51,1
305.380005,49,49,0.14,2,0,0,0.51,1
305.38501,41,41,0.09,2,0,0,0.51,1
305.390015,39,39,-0.05,2,0,0,0.51,1
305.394989,37,37,0.09,2,2,0,0.51,1
305.399994,-4,-4,0.14,2,2,0,0.51,1
305.404999,-28,-28,0.23,2,2,0,0.99,1
305.410004,2,2,0.23,2,2,0,0.99,1
305.415009,7,7,0.28,2,2,0,0.99,1
305.420013,2,2,0.34,2,2,0,0.99,1
305.424988,-8,-8,0.39,2,2,0,0.99,1
305.429993,-13,-13,0.43,2,2,0,0.99,1
305.434998,-11,-11,0.44,2,2,0,0.99,1
305.440002,-5,-5,0.47,2,2,0,0.99,1
305.445007,-6,-6,0.49,2,2,0,0.99,1
305.450012,-6,-6,0.52,2,2,0,0.99,1
305.454987,-6,-6,0.49,0,0,0,0.99,1
305.459991,0,0,0.46,0,0,0,0.99,1
305.464996,1,1,0.44,0,0,0,0.03,1
305.470001,-81,-81,0.45,0,0,0,0.03,1
305.475006,-93,-93,0.46,0,0,0,0.03,1
305.480011,-106,-106,0.55,0,0,0,0.03,1
305.484985,-126,-126,0.48,0,-2,0,0.03,1
305.48999,-127,-127,0.54,0,-2,0,0.03,1
305.494995,-143,-143,0.55,-2,-4,0,-0.45,1
305.5,-207,-207,0.72,-2,-4,0,-0.45,1
305.505005,-240,-240,0.92,-2,-2,0,-1.4,1
305.51001,-338,-338,1.1,-2,-2,0,-1.4,1
305.515015,-333,-333,1.01,-4,-6,0,-0.92,1
305.519989,-249,-249,0.97,-4,-6,0,-0.92,1
305.524994,-215,-215,1.22,-4,-4,0,-2.36,1
305.529999,-347,-347,1.19,-4,-4,0,-2.36,1
305.535004,-308,-308,1.1,-10,-10,0,-1.88,1
305.540009,-206,-206,0.89,-10,-10,0,-1.88,1
305.545013,-152,-152,0.93,-8,-8,0,-4.75,1
305.549988,-371,-371,0.82,-8,-8,0,-4.75,1
305.554993,-336,-336,0.59,-12,-12,0,-3.79,1
305.559998,-196,-196,0.21,-12,-12,0,-3.79,1
305.565002,-137,-137,0.15,-10,-10,0,-5.71,1
305.570007,-292,-292,0.06,-10,-10,0,-5.71,1
305.575012,-281,-281,-0.03,-16,-16,0,-4.75,1
305.579987,-173,-173,-0.28,-16,-16,0,-4.75,1
305.584991,-116,-116,-0.46,-14,-14,0,-7.62,1
305.589996,-314,-314,-0.64,-14,-14,0,-7.62,1
305.595001,-284,-284,-1,-16,-16,0,-6.67,1
305.600006,-164,-164,-1.24,-16,-16,0,-6.67,1
305.605011,-135,-135,-1.36,-14,-14,0,-7.62,1
305.609985,-211,-211,-1.58,-14,-14,0,-7.62,1
305.61499,-177,-177,-1.95,-16,-18,0,-6.67,1
305.619995,-58,-58,-2.18,-16,-18,0,-6.67,1
305.625,-32,-32,-2.52,-14,-16,0,-8.1,1
305.630005,-118,-118,-2.74,-14,-16,0,-8.1,1
305.63501,-92,-92,-3.17,-16,-16,0,-7.15,1
305.640015,21,21,-3.4,-16,-16,0,-7.15,1
305.644989,33,33,-3.8,-12,-14,0,-7.63,1
305.649994,14,14,-4.05,-12,-14,0,-7.63,1
305.654999,16,16,-4.37,-12,-12,0,-6.2,1
305.660004,132,132,-4.66,-12,-12,0,-6.2,1
305.665009,130,130,-4.85,-10,-10,0,-5.72,1
305.670013,142,142,-5.08,-10,-10,0,-5.72,1
305.674988,119,119,-5.17,-8,-10,0,-4.77,1
305.679993,159,159,-5.25,-8,-10,0,-4.77,1
305.684998,122,122,-5.38,-6,-6,0,-4.29,1
305.690002,123,123,-5.47,-6,-6,0,-4.29,1
305.695007,67,67,-5.25,-4,-4,0,-2.86,1
305.700012,99,99,-5.11,-4,-4,0,-2.86,1
305.704987,36,36,-4.89,-2,-2,0,-1.9,1
305.709991,66,66,-4.74,-2,-2,0,-1.9,1
305.714996,34,34,-4.48,-2,-2,0,-0.94,1
305.720001,70,70,-4.3,-2,-2,0,-0.94,1
305.725006,39,39,-4.01,0,-2,0,-0.94,1
305.730011,5,5,-3.8,0,-2,0,-0.94,1
305.734985,-13,-13,-3.46,0,0,0,-0.47,1
305.73999,-2,-2,-3.13,0,0,0,-0.47,1
305.744995,-29,-29,-2.92,0,0,0,0.01,1
305.75,11,11,-2.66,0,0,0,0.01,1
305.755005,8,8,-2.46,0,0,0,0.01,1
305.76001,8,8,-2.28,0,0,0,0.01,1
305.765015,7,7,-2.03,0,0,0,0.01,1
305.769989,-3,-3,-1.82,0,0,0,0.01,1
305.774994,-5,-5,-1.67,0,0,0,0.01,1
305.779999,1,1,-1.51,0,0,0,0.01,1
305.785004,5,5,-1.37,0,0,0,0.01,1
305.790009,9,9,-1.25,0,0,0,0.01,1
305.795013,13,13,-1.13,0,0,0,0.01,1
305.799988,17,17,-1.06,0,0,0,0.01,1
305.804993,27,27,-0.97,0,0,0,0.01,1
305.809998,31,31,-0.91,0,0,0,0.01,1
305.815002,36,36,-0.84,0,0,0,0.01,1
305.820007,41,41,-0.81,0,0,0,0.01,1
305.825012,50,50,-0.79,2,0,0,0.01,1
305.829987,54,54,-0.82,2,0,0,0.01,1
305.834991,55,55,-0.7,0,0,0,0.49,1
305.839996,79,79,-0.7,0,0,0,0.49,1
305.845001,85,85,-0.74,0,2,0,0.01,1
305.850006,62,62,-0.79,0,2,0,0.01,1
305.855011,69,69,-0.64,2,0,0,0.49,1
305.859985,79,79,-0.63,2,0,0,0.49,1
305.86499,76,76,-0.65,2,2,0,0.49,1
305.869995,94,94,-0.77,2,2,0,0.49,1
305.875,107,107,-0.63,2,2,0,0.97,1
305.880005,115,115,-0.58,2,2,0,0.97,1
305.88501,103,103,-0.59,2,4,0,0.97,1
305.890015,118,118,-0.77,2,4,0,0.97,1
305.894989,133,133,-0.58,2,4,0,1.45,1
305.899994,126,126,-0.45,2,4,0,1.45,1
305.904999,94,94,-0.38,4,2,0,1.45,1
305.910004,96,96,-0.52,4,2,0,1.45,1
305.915009,112,112,-0.3,4,4,0,1.45,1
305.920013,66,66,-0.15,4,4,0,1.45,1
305.924988,23,23,0.01,4,4,0,1.92,1
305.929993,51,51,-0.02,4,4,0,1.92,1
305.934998,63,63,0.12,4,4,0,1.92,1
305.940002,50,50,0.25,4,4,0,1.92,1
305.945007,30,30,0.38,4,4,0,1.93,1
305.950012,25,25,0.4,4,4,0,1.93,1
305.954987,35,35,0.55,4,4,0,1.93,1
305.959991,21,21,0.69,4,4,0,1.93,1
305.964996,10,10,0.8,4,6,0,1.93,1
305.970001,17,17,0.77,4,6,0,1.93,1
305.975006,42,42,0.85,4,4,0,2.4,1
305.980011,83,83,0.87,4,4,0,2.4,1
305.984985,87,87,0.92,4,4,0,1.93,1
305.98999,55,55,0.87,4,4,0,1.93,1
305.994995,72,72,0.95,2,2,0,1.93,1
306,68,68,0.95,2,2,0,1.93,1
306.005005,74,74,0.94,2,2,0,0.97,1
306.01001,7,7,0.8,2,2,0,0.97,1
306.015015,16,16,0.94,4,2,0,0.97,1
306.019989,-13,-13,1.02,4,2,0,0.97,1
306.024994,-29,-29,1.06,4,4,0,1.45,1
306.029999,24,24,1.03,4,4,0,1.45,1
306.035004,56,56,0.96,2,2,0,1.93,1
306.040009,123,123,0.83,2,2,0,1.93,1
306.045013,142,142,0.82,2,2,0,0.97,1
306.049988,55,55,0.76,2,2,0,0.97,1
306.054993,48,48,0.82,2,4,0,0.97,1
306.059998,37,37,0.81,2,4,0,0.97,1
306.065002,47,47,0.7,4,2,0,1.45,1
306.070007,104,104,0.55,4,2,0,1.45,1
306.075012,119,119,0.61,2,2,0,1.45,1
306.079987,97,97,0.63,2,2,0,1.45,1
306.084991,88,88,0.51,4,4,0,0.97,1
306.089996,63,63,0.29,4,4,0,0.97,1
306.095001,68,68,0.49,4,4,0,1.93,1
306.100006,84,84,0.5,4,4,0,1.93,1
306.105011,55,55,0.67,4,2,0,1.93,1
306.109985,40,40,0.62,4,2,0,1.93,1
306.11499,60,60,0.65,4,2,0,1.45,1
306.119995,30,30,0.67,4,2,0,1.45,1
306.125,21,21,0.75,4,4,0,1.45,1
306.130005,7,7,0.76,4,4,0,1.45,1
306.13501,6,6,0.88,4,4,0,1.93,1
306.140015,35,35,0.96,4,4,0,1.93,1
306.144989,35,35,0.97,2,2,0,1.93,1
306.149994,55,55,0.96,2,2,0,1.93,1
306.154999,76,76,0.96,2,4,0,0.98,1
306.160004,11,11,0.9,2,4,0,0.98,1
306.165009,23,23,0.87,2,2,0,1.45,1
306.170013,66,66,0.74,2,2,0,1.45,1
306.174988,64,64,0.9,2,2,0,0.98,1
306.179993,-11,-11,0.95,2,2,0,0.98,1
306.184998,-18,-18,0.98,2,2,0,0.98,1
306.190002,-8,-8,0.85,2,2,0,0.98,1
306.195007,15,15,0.93,2,2,0,0.98,1
306.200012,-1,-1,1,2,2,0,0.98,1
306.204987,-20,-20,1.02,2,2,0,0.98,1
306.209991,-11,-11,0.99,2,2,0,0.98,1
306.214996,14,14,0.91,2,2,0,0.98,1
306.220001,37,37,0.84,2,2,0,0.98,1
306.225006,46,46,0.86,2,2,0,0.98,1
306.230011,40,40,0.85,2,2,0,0.98,1
306.234985,44,44,0.78,2,0,0,0.98,1
306.23999,61,61,0.62,2,0,0,0.98,1
306.244995,82,82,0.56,2,2,0,0.5,1
306.25,42,42,0.48,2,2,0,0.5,1
306.255005,35,35,0.52,2,2,0,0.98,1
306.26001,55,55,0.47,2,2,0,0.98,1
306.265015,59,59,0.39,2,0,0,0.98,1
306.269989,72,72,0.26,2,0,0,0.98,1
306.274994,81,81,0.32,2,2,0,0.5,1
306.279999,19,19,0.28,2,2,0,0.5,1
306.285004,11,11,0.29,0,2,0,0.98,1
306.290009,46,46,0.11,0,2,0,0.98,1
306.295013,51,51,0.25,2,4,0,0.5,1
306.299988,-29,-29,0.31,2,4,0,0.5,1
306.304993,-63,-63,0.44,4,2,0,1.46,1
306.309998,-4,-4,0.45,4,2,0,1.46,1
306.315002,2,2,0.5,2,2,0,1.46,1
306.320007,9,9,0.52,2,2,0,1.46,1
306.325012,7,7,0.57,0,2,0,0.98,1
306.329987,-38,-38,0.66,0,2,0,0.98,1
306.334991,-42,-42,0.69,0,2,0,0.5,1
306.339996,-74,-74,0.74,0,2,0,0.5,1
306.345001,-71,-71,0.74,0,0,0,0.5,1
306.350006,-60,-60,0.77,0,0,0,0.5,1
306.355011,-49,-49,0.72,0,0,0,0.02,1
306.359985,-74,-74,0.75,0,0,0,0.02,1
306.36499,-68,-68,0.63,0,0,0,0.02,1
306.369995,-54,-54,0.63,0,0,0,0.02,1
306.375,-65,-65,0.62,0,0,0,0.02,1
306.380005,-84,-84,0.7,0,0,0,0.02,1
306.38501,-101,-101,0.66,0,0,0,0.02,1
306.390015,-97,-97,0.73,0,0,0,0.02,1
306.394989,-103,-103,0.68,-2,0,0,0.02,1
306.399994,-101,-101,0.69,-2,0,0,0.02,1
306.404999,-99,-99,0.69,-2,-2,0,-0.45,1
306.410004,-135,-135,0.77,-2,-2,0,-0.45,1
306.415009,-131,-131,0.61,-2,-4,0,-0.93,1
306.420013,-138,-138,0.51,-2,-4,0,-0.93,1
306.424988,-127,-127,0.54,-2,-4,0,-1.41,1
306.429993,-190,-190,0.58,-2,-4,0,-1.41,1
306.434998,-201,-201,0.43,-4,-4,0,-1.41,1
306.440002,-181,-181,0.34,-4,-4,0,-1.41,1
306.445007,-175,-175,0.53,-4,-4,0,-1.89,1
306.450012,-251,-251,0.58,-4,-4,0,-1.89,1
306.454987,-254,-254,0.44,-8,-8,0,-1.89,1
306.459991,-212,-212,0.23,-8,-8,0,-1.89,1
306.464996,-177,-177,0.41,-6,-6,0,-3.8,1
306.470001,-368,-368,0.4,-6,-6,0,-3.8,1
306.475006,-368,-368,0.33,-10,-8,0,-2.85,1
306.480011,-255,-255,0.25,-10,-8,0,-2.85,1
306.484985,-226,-226,0.33,-10,-10,0,-4.28,1
306.48999,-355,-355,0.32,-10,-10,0,-4.28,1
306.494995,-348,-348,0.29,-14,-14,0,-4.76,1
306.5,-338,-338,0.05,-14,-14,0,-4.76,1
306.505005,-274,-274,-0.05,-12,-14,0,-6.67,1
306.51001,-400,-400,-0.12,-12,-14,0,-6.67,1
306.515015,-390,-390,-0.24,-16,-18,0,-6.2,1
306.519989,-324,-324,-0.5,-16,-18,0,-6.2,1
306.524994,-278,-278,-0.55,-14,-16,0,-8.11,1
306.529999,-426,-426,-0.7,-14,-16,0,-8.11,1
306.535004,-408,-408,-0.93,-18,-20,0,-7.16,1
306.540009,-280,-280,-1.28,-18,-20,0,-7.16,1
306.545013,-214,-214,-1.31,-18,-16,0,-9.07,1
306.549988,-359,-359,-1.42,-18,-16,0,-9.07,1
306.554993,-336,-336,-1.67,-22,-22,0,-8.11,1
306.559998,-206,-206,-2.13,-22,-22,0,-8.11,1
306.565002,-127,-127,-2.27,-18,-18,0,-10.51,1
306.570007,-291,-291,-2.68,-18,-18,0,-10.51,1
306.575012,-231,-231,-3.02,-22,-24,0,-8.6,1
306.579987,-29,-29,-3.41,-22,-24,0,-8.6,1
306.584991,10,10,-3.62,-18,-20,0,-10.99,1
306.589996,-166,-166,-4.02,-18,-20,0,-10.99,1
306.595001,-120,-120,-4.49,-20,-22,0,-9.08,1
306.600006,76,76,-4.83,-20,-22,0,-9.08,1
306.605011,97,97,-5.32,-18,-18,0,-10.04,1
306.609985,49,49,-5.69,-18,-18,0,-10.04,1
306.61499,68,68,-6.09,-16,-18,0,-8.6,1
306.619995,187,187,-6.55,-16,-18,0,-8.6,1
306.625,190,190,-6.7,-14,-54,0,-8.13,1
306.630005,177,177,-6.96,-14,-54,0,-8.13,1
306.63501,129,129,-7.1,-10,-12,0,-15,1
306.640015,-478,-478,-7.19,-10,-12,0,-15,1
306.644989,-553,-553,-7.14,-8,-8,0,-5.27,1
306.649994,149,149,-7.1,-8,-8,0,-5.27,1
306.654999,90,90,-6.84,-4,-6,0,-3.83,1
306.660004,137,137,-6.74,-4,-6,0,-3.83,1
306.665009,92,92,-6.55,-4,-4,0,-2.4,1
306.670013,166,166,-6.42,-4,-4,0,-2.4,1
306.674988,122,122,-6.08,-2,-2,0,-1.92,1
306.679993,95,95,-5.85,-2,-2,0,-1.92,1
306.684998,48,48,-5.5,0,0,0,-0.97,1
306.690002,75,75,-5.26,0,0,0,-0.97,1
306.695007,46,46,-4.87,2,2,0,-0.01,1
306.700012,81,81,-4.54,2,2,0,-0.01,1
306.704987,44,44,-4.18,2,2,0,0.95,1
306.709991,93,93,-3.87,2,2,0,0.95,1
306.714996,82,82,-3.51,2,2,0,0.95,1
306.720001,68,68,-3.21,2,2,0,0.95,1
306.725006,62,62,-2.96,2,2,0,0.95,1
306.730011,57,57,-2.82,2,2,0,0.95,1
306.734985,45,45,-2.4,2,4,0,0.95,1
306.73999,2,2,-2.1,2,4,0,0.95,1
306.744995,-25,-25,-1.81,4,2,0,1.42,1
306.75,11,11,-1.61,4,2,0,1.42,1
306.755005,25,25,-1.36,2,4,0,1.42,1
306.76001,23,23,-1.19,2,4,0,1.42,1
306.765015,24,24,-1.01,2,2,0,1.42,1
306.769989,23,23,-0.88,2,2,0,1.42,1
306.774994,26,26,-0.71,2,2,0,0.95,1
306.779999,-17,-17,-0.59,2,2,0,0.95,1
306.785004,-15,-15,-0.47,4,2,0,0.95,1
306.790009,-9,-9,-0.43,4,2,0,0.95,1
306.795013,-1,-1,-0.3,2,0,0,1.43,1
306.799988,26,26,-0.14,2,0,0,1.43,1
306.804993,12,12,-0.04,0,2,0,0.47,1
306.809998,-63,-63,0.03,0,2,0,0.47,1
306.815002,-51,-51,0.09,0,2,0,0.47,1
306.820007,-42,-42,0.17,0,2,0,0.47,1
306.825012,-39,-39,0.18,0,0,0,0.47,1
306.829987,-22,-22,0.26,0,0,0,0.47,1
306.834991,-13,-13,0.22,0,-2,0,-0.01,1
306.839996,-38,-38,0.23,0,-2,0,-0.01,1
306.845001,-36,-36,0.28,0,0,0,-0.49,1
306.850006,-80,-80,0.33,0,0,0,-0.49,1
306.855011,-87,-87,0.35,-2,0,0,-0.01,1
306.859985,-46,-46,0.48,-2,0,0,-0.01,1
306.86499,-48,-48,0.35,0,0,0,-0.49,1
306.869995,-57,-57,0.44,0,0,0,-0.49,1
306.875,-50,-50,0.42,-2,-2,0,-0.01,1
306.880005,3,3,0.42,-2,-2,0,-0.01,1
306.88501,38,38,0.27,-2,-4,0,-0.96,1
306.890015,12,12,0.16,-2,-4,0,-0.96,1
306.894989,40,40,-0.05,-2,-2,0,-1.44,1
306.899994,26,26,-0.3,-2,-2,0,-1.44,1
306.904999,44,44,-0.35,-2,-2,0,-0.96,1
306.910004,66,66,-0.51,-2,-2,0,-0.96,1
306.915009,59,59,-0.57,0,0,0,-0.96,1
306.920013,48,48,-0.64,0,0,0,-0.96,1
306.924988,35,35,-0.58,0,0,0,-0.01,1
306.929993,86,86,-0.63,0,0,0,-0.01,1
306.934998,87,87,-0.61,2,2,0,-0.01,1
306.940002,91,91,-0.69,2,2,0,-0.01,1
306.945007,102,102,-0.64,2,2,0,0.95,1
306.950012,168,168,-0.76,2,2,0,0.95,1
306.954987,176,176,-0.85,2,2,0,0.95,1
306.959991,174,174,-0.87,2,2,0,0.95,1
306.964996,133,133,-0.94,2,2,0,0.95,1
306.970001,96,96,-0.89,2,2,0,0.95,1
306.975006,60,60,-0.6,4,6,0,0.95,1
306.980011,2,2,-0.53,4,6,0,0.95,1
306.984985,-19,-19,-0.29,4,4,0,2.38,1
306.98999,82,82,-0.19,4,4,0,2.38,1
306.994995,88,88,-0.1,4,4,0,1.9,1
307,61,61,-0.05,4,4,0,1.9,1
307.005005,63,63,0.13,4,6,0,1.9,1
307.01001,51,51,0.1,4,6,0,1.9,1
307.015015,56,56,0.27,4,4,0,2.38,1
307.019989,79,79,0.37,4,4,0,2.38,1
307.024994,70,70,0.45,4,6,0,1.91,1
307.029999,38,38,0.43,4,6,0,1.91,1
307.035004,57,57,0.57,4,4,0,2.38,1
307.040009,91,91,0.6,4,4,0,2.38,1
307.045013,95,95,0.67,2,4,0,1.91,1
307.049988,60,60,0.65,2,4,0,1.91,1
307.054993,71,71,0.76,4,4,0,1.43,1
307.059998,26,26,0.82,4,4,0,1.43,1
307.065002,27,27,0.88,4,4,0,1.91,1
307.070007,72,72,0.78,4,4,0,1.91,1
307.075012,96,96,0.86,4,4,0,1.91,1
307.079987,92,92,0.88,4,4,0,1.91,1
307.084991,87,87,0.91,4,4,0,1.91,1
307.089996,86,86,0.85,4,4,0,1.91,1
307.095001,90,90,0.99,4,6,0,1.91,1
307.100006,67,67,1.03,4,6,0,1.91,1
307.105011,60,60,1.12,4,6,0,2.39,1
307.109985,101,101,1.01,4,6,0,2.39,1
307.11499,122,122,1.04,4,6,0,2.39,1
307.119995,120,120,1.03,4,6,0,2.39,1
307.125,112,112,1.09,4,4,0,2.39,1
307.130005,109,109,1,4,4,0,2.39,1
307.13501,117,117,1.14,6,6,0,1.91,1
307.140015,53,53,1.11,6,6,0,1.91,1
307.144989,44,44,1.21,6,4,0,2.87,1
307.149994,112,112,1.14,6,4,0,2.87,1
307.154999,115,115,1.26,6,6,0,2.39,1
307.160004,56,56,1.3,6,6,0,2.39,1
307.165009,45,45,1.38,6,6,0,2.87,1
307.170013,84,84,1.32,6,6,0,2.87,1
307.174988,93,93,1.5,6,8,0,2.87,1
307.179993,66,66,1.5,6,8,0,2.87,1
307.184998,59,59,1.63,6,8,0,3.35,1
307.190002,89,89,1.66,6,8,0,3.35,1
307.195007,95,95,1.76,6,6,0,3.35,1
307.200012,101,101,1.77,6,6,0,3.35,1
307.204987,120,120,1.7,6,6,0,2.87,1
307.209991,104,104,1.59,6,6,0,2.87,1
307.214996,114,114,1.73,6,6,0,2.87,1
307.220001,85,85,1.78,6,6,0,2.87,1
307.225006,74,74,1.79,6,6,0,2.87,1
307.230011,79,79,1.74,6,6,0,2.87,1
307.234985,93,93,1.8,6,8,0,2.87,1
307.23999,97,97,1.68,6,8,0,2.87,1
307.244995,115,115,1.68,6,6,0,3.35,1
307.25,159,159,1.67,6,6,0,3.35,1
307.255005,154,154,1.76,6,8,0,2.87,1
307.26001,106,106,1.72,6,8,0,2.87,1
307.265015,119,119,1.73,6,6,0,3.35,1
307.269989,170,170,1.52,6,6,0,3.35,1
307.274994,191,191,1.52,6,8,0,2.87,1
307.279999,144,144,1.49,6,8,0,2.87,1
307.285004,119,119,1.46,6,8,0,3.35,1
307.290009,148,148,1.41,6,8,0,3.35,1
307.295013,139,139,1.59,8,8,0,3.35,1
307.299988,98,98,1.6,8,8,0,3.35,1
307.304993,87,87,1.72,10,8,0,3.83,1
307.309998,121,121,1.66,10,8,0,3.83,1
307.315002,133,133,1.71,10,8,0,4.31,1
307.320007,174,174,1.68,10,8,0,4.31,1
307.325012,171,171,1.67,6,8,0,4.31,1
307.329987,167,167,1.64,6,8,0,4.31,1
307.334991,162,162,1.85,8,10,0,3.36,1
307.339996,59,59,1.91,8,10,0,3.36,1
307.345001,60,60,1.82,8,8,0,4.31,1
307.350006,157,157,1.78,8,8,0,4.31,1
307.355011,157,157,1.96,10,8,0,3.84,1
307.359985,76,76,1.97,10,8,0,3.84,1
307.36499,57,57,2.17,8,8,0,4.32,1
307.369995,86,86,2.2,8,8,0,4.32,1
307.375,93,93,2.33,10,8,0,3.84,1
307.380005,55,55,2.29,10,8,0,3.84,1
307.38501,68,68,2.33,10,10,0,4.32,1
307.390015,113,113,2.32,10,10,0,4.32,1
307.394989,110,110,2.48,8,10,0,4.8,1
307.399994,131,131,2.49,8,10,0,4.8,1
307.404999,141,141,2.63,8,8,0,4.32,1
307.410004,108,108,2.51,8,8,0,4.32,1
307.415009,135,135,2.54,8,8,0,3.84,1
307.420013,103,103,2.54,8,8,0,3.84,1
307.424988,97,97,2.53,8,8,0,3.84,1
307.429993,99,99,2.43,8,8,0,3.84,1
307.434998,104,104,2.6,8,8,0,3.84,1
307.440002,75,75,2.57,8,8,0,3.84,1
307.445007,73,73,2.63,8,8,0,3.84,1
307.450012,76,76,2.56,8,8,0,3.84,1
307.454987,87,87,2.68,8,6,0,3.85,1
307.459991,78,78,2.7,8,6,0,3.85,1
307.464996,77,77,2.75,8,6,0,3.37,1
307.470001,45,45,2.67,8,6,0,3.37,1
307.475006,59,59,2.73,8,6,0,3.37,1
307.480011,60,60,2.76,8,6,0,3.37,1
307.484985,70,70,2.76,6,6,0,3.37,1
307.48999,91,91,2.66,6,6,0,3.37,1
307.494995,61,61,2.68,6,6,0,2.89,1
307.5,79,79,2.58,6,6,0,2.89,1
307.505005,90,90,2.57,4,4,0,2.89,1
307.51001,106,106,2.4,4,4,0,2.89,1
307.515015,9,9,2.5,6,6,0,1.94,1
307.519989,11,11,2.42,6,6,0,1.94,1
307.524994,91,91,2.46,6,6,0,2.89,1
307.529999,110,110,2.32,6,6,0,2.89,1
307.535004,106,106,2.35,6,6,0,2.89,1
307.540009,106,106,2.29,6,6,0,2.89,1
307.545013,111,111,2.26,6,6,0,2.9,1
307.549988,117,117,2.1,6,6,0,2.9,1
307.554993,92,92,2.22,6,8,0,2.9,1
307.559998,94,94,2.15,6,8,0,2.9,1
307.565002,137,137,2.18,6,6,0,3.37,1
307.570007,156,156,2.01,6,6,0,3.37,1
307.575012,113,113,2.02,6,6,0,2.9,1
307.579987,104,104,1.99,6,6,0,2.9,1
307.584991,112,112,1.85,8,6,0,2.9,1
307.589996,109,109,1.74,8,6,0,2.9,1
307.595001,103,103,1.91,8,6,0,3.38,1
307.600006,90,90,1.92,8,6,0,3.38,1
307.605011,88,88,2.03,6,6,0,3.38,1
307.609985,101,101,1.98,6,6,0,3.38,1
307.61499,101,101,2,6,8,0,2.9,1
307.619995,77,77,1.87,6,8,0,2.9,1
307.625,95,95,1.87,6,6,0,3.38,1
307.630005,136,136,1.8,6,6,0,3.38,1
307.63501,131,131,1.97,6,6,0,2.9,1
307.640015,66,66,1.93,6,6,0,2.9,1
307.644989,76,76,1.97,6,8,0,2.9,1
307.649994,88,88,1.85,6,8,0,2.9,1
307.654999,104,104,1.97,8,8,0,3.38,1
307.660004,119,119,1.96,8,8,0,3.38,1
307.665009,104,104,2.03,6,8,0,3.86,1
307.670013,138,138,1.99,6,8,0,3.86,1
307.674988,149,149,2.13,8,8,0,3.38,1
307.679993,106,106,2.11,8,8,0,3.38,1
307.684998,119,119,1.96,6,6,0,3.86,1
307.690002,185,185,1.83,6,6,0,3.86,1
307.695007,185,185,1.99,8,8,0,2.91,1
307.700012,62,62,2.05,8,8,0,2.91,1
307.704987,35,35,2.01,8,6,0,3.86,1
307.709991,120,120,1.99,8,6,0,3.86,1
307.714996,116,116,2.17,8,10,0,3.38,1
307.720001,43,43,2.22,8,10,0,3.38,1
307.725006,27,27,2.34,8,8,0,4.34,1
307.730011,102,102,2.32,8,8,0,4.34,1
307.734985,111,111,2.46,8,10,0,3.86,1
307.73999,67,67,2.49,8,10,0,3.86,1
307.744995,72,72,2.58,8,8,0,4.34,1
307.75,116,116,2.48,8,8,0,4.34,1
307.755005,129,129,2.62,8,8,0,3.87,1
307.76001,73,73,2.57,8,8,0,3.87,1
307.765015,76,76,2.6,6,8,0,3.87,1
307.769989,83,83,2.53,6,8,0,3.87,1
307.774994,84,84,2.71,8,8,0,3.39,1
307.779999,10,10,2.66,8,8,0,3.39,1
307.785004,5,5,2.82,6,8,0,3.87,1
307.790009,34,34,2.84,6,8,0,3.87,1
307.795013,40,40,2.88,8,8,0,3.39,1
307.799988,17,17,2.79,8,8,0,3.39,1
307.804993,43,43,2.78,8,6,0,3.87,1
307.809998,93,93,2.72,8,6,0,3.87,1
307.815002,106,106,2.74,6,6,0,3.39,1
307.820007,73,73,2.63,6,6,0,3.39,1
307.825012,91,91,2.59,6,6,0,2.92,1
307.829987,56,56,2.45,6,6,0,2.92,1
307.834991,56,56,2.54,6,8,0,2.92,1
307.839996,30,30,2.46,6,8,0,2.92,1
307.845001,21,21,2.5,6,6,0,3.39,1
307.850006,47,47,2.45,6,6,0,3.39,1
307.855011,49,49,2.48,6,6,0,2.92,1
307.859985,7,7,2.46,6,6,0,2.92,1
307.86499,7,7,2.49,4,6,0,2.92,1
307.869995,0,0,2.46,4,6,0,2.92,1
307.875,3,3,2.46,4,4,0,2.44,1
307.880005,-35,-35,2.48,4,4,0,2.44,1
307.88501,-37,-37,2.46,4,4,0,1.96,1
307.890015,-67,-67,2.43,4,4,0,1.96,1
307.894989,-57,-57,2.42,4,4,0,1.96,1
307.899994,-50,-50,2.46,4,4,0,1.96,1
307.904999,-49,-49,2.38,2,2,0,1.96,1
307.910004,-31,-31,2.38,2,2,0,1.96,1
307.915009,-17,-17,2.3,0,2,0,1.01,1
307.920013,-79,-79,2.24,0,2,0,1.01,1
307.924988,-63,-63,2.14,2,0,0,0.53,1
307.929993,-83,-83,2.05,2,0,0,0.53,1
307.934998,-73,-73,1.92,0,0,0,0.53,1
307.940002,-66,-66,1.88,0,0,0,0.53,1
307.945007,-71,-71,1.72,-2,0,0,0.05,1
307.950012,-101,-101,1.69,-2,0,0,0.05,1
307.954987,-105,-105,1.58,-2,-2,0,-0.43,1
307.959991,-144,-144,1.55,-2,-2,0,-0.43,1
307.964996,-147,-147,1.54,-2,-4,0,-0.9,1
307.970001,-185,-185,1.5,-2,-4,0,-0.9,1
307.975006,-170,-170,1.28,-2,-2,0,-1.38,1
307.980011,-174,-174,1.14,-2,-2,0,-1.38,1
307.984985,-165,-165,1.23,-2,-2,0,-0.9,1
307.98999,-153,-153,1.24,-2,-2,0,-0.9,1
307.994995,-152,-152,1.02,-6,-6,0,-0.9,1
308,-111,-111,0.92,-6,-6,0,-0.9,1
308.005005,-88,-88,0.77,-4,-6,0,-2.82,1
308.01001,-237,-237,0.74,-4,-6,0,-2.82,1
308.015015,-243,-243,0.54,-6,-6,0,-2.34,1
308.019989,-192,-192,0.49,-6,-6,0,-2.34,1
308.024994,-200,-200,0.65,-4,-4,0,-2.82,1
308.029999,-272,-272,0.63,-4,-4,0,-2.82,1
308.035004,-262,-262,0.43,-8,-10,0,-1.86,1
308.040009,-134,-134,0.34,-8,-10,0,-1.86,1
308.045013,-107,-107,0.36,-8,-8,0,-4.25,1
308.049988,-303,-303,0.17,-8,-8,0,-4.25,1
308.054993,-274,-274,-0.14,-12,-12,0,-3.78,1
308.059998,-191,-191,-0.37,-12,-12,0,-3.78,1
308.065002,-176,-176,-0.34,-8,-10,0,-5.69,1
308.070007,-366,-366,-0.44,-8,-10,0,-5.69,1
308.075012,-376,-376,-0.6,-12,-14,0,-4.26,1
308.079987,-246,-246,-0.76,-12,-14,0,-4.26,1
308.084991,-235,-235,-0.74,-10,-12,0,-6.17,1
308.089996,-403,-403,-0.84,-10,-12,0,-6.17,1
308.095001,-383,-383,-0.99,-16,-18,0,-5.21,1
308.100006,-271,-271,-1.22,-16,-18,0,-5.21,1
308.105011,-236,-236,-1.29,-14,-16,0,-8.08,1
308.109985,-463,-463,-1.47,-14,-16,0,-8.08,1
308.11499,-456,-456,-1.67,-18,-20,0,-7.13,1
308.119995,-366,-366,-1.81,-18,-20,0,-7.13,1
308.125,-363,-363,-1.71,-16,-18,0,-9.04,1
308.130005,-550,-550,-1.69,-16,-18,0,-9.04,1
308.13501,-560,-560,-1.81,-22,-24,0,-8.09,1
308.140015,-447,-447,-2.02,-22,-24,0,-8.09,1
308.144989,-405,-405,-2,-20,-22,0,-10.96,1
308.149994,-638,-638,-1.81,-20,-22,0,-10.96,1
308.154999,-656,-656,-2.06,-26,-26,0,-10,1
308.160004,-517,-517,-2.23,-26,-26,0,-10,1
308.165009,-456,-456,-2.36,-24,-26,0,-12.4,1
308.170013,-621,-621,-2.44,-24,-26,0,-12.4,1
308.174988,-589,-589,-2.69,-30,-30,0,-11.92,1
308.179993,-487,-487,-2.91,-30,-30,0,-11.92,1
308.184998,-424,-424,-3.25,-28,-32,0,-14.31,1
308.190002,-553,-553,-3.4,-28,-32,0,-14.31,1
308.195007,-513,-513,-3.96,-34,-36,0,-14.32,1
308.200012,-431,-431,-4.42,-34,-36,0,-14.32,1
308.204987,-357,-357,-4.72,-32,-34,0,-15,1
308.209991,-377,-377,-4.98,-32,-34,0,-15,1
308.214996,-341,-341,-5.52,-34,-36,0,-15,1
308.220001,-272,-272,-6.04,-34,-36,0,-15,1
308.225006,-218,-218,-6.29,-32,-34,0,-15,1
308.230011,-209,-209,-6.95,-32,-34,0,-15,1
308.234985,-148,-148,-7.45,-34,-36,0,-15,1
308.23999,-114,-114,-7.8,-34,-36,0,-15,1
308.244995,-119,-119,-8.22,-30,-32,0,-15,1
308.25,-114,-114,-8.52,-30,-32,0,-15,1
308.255005,-117,-117,-8.93,-28,-28,0,-14.81,1
308.26001,-111,-111,-9.14,-28,-28,0,-14.81,1
308.265015,-139,-139,-9.51,-24,-26,0,-13.38,1
308.269989,-40,-40,-9.65,-24,-26,0,-13.38,1
308.274994,-76,-76,-9.86,-22,-24,0,-11.95,1
308.279999,5,5,-9.88,-22,-24,0,-11.95,1
308.285004,-36,-36,-9.95,-20,-22,0,-11,1
308.290009,0,0,-9.91,-20,-22,0,-11,1
308.295013,-45,-45,-9.78,-18,-18,0,-10.05,1
308.299988,-18,-18,-9.62,-18,-18,0,-10.05,1
308.304993,-54,-54,-9.58,-16,-18,0,-8.61,1
308.309998,56,56,-9.49,-16,-18,0,-8.61,1
308.315002,51,51,-9.5,-14,-16,0,-8.14,1
308.320007,90,90,-9.57,-14,-16,0,-8.14,1
308.325012,83,83,-9.46,-12,-12,0,-7.18,1
308.329987,114,114,-9.37,-12,-12,0,-7.18,1
308.334991,53,53,-9.08,-8,-10,0,-5.75,1
308.339996,95,95,-8.79,-8,-10,0,-5.75,1
308.345001,41,41,-8.43,-8,-8,0,-4.32,1
308.350006,108,108,-8.25,-8,-8,0,-4.32,1
308.355011,89,89,-7.94,-4,-6,0,-3.84,1
308.359985,96,96,-7.67,-4,-6,0,-3.84,1
308.36499,64,64,-7.3,-4,-4,0,-2.41,1
308.369995,136,136,-7.04,-4,-4,0,-2.41,1
308.375,109,109,-6.6,-2,0,0,-1.93,1
308.380005,106,106,-6.3,-2,0,0,-1.93,1
308.38501,84,84,-5.86,0,0,0,-0.5,1
308.390015,172,172,-5.65,0,0,0,-0.5,1
308.394989,162,162,-5.2,2,2,0,-0.02,1
308.399994,168,168,-4.86,2,2,0,-0.02,1
308.404999,158,158,-4.65,2,2,0,0.94,1
308.410004,253,253,-4.55,2,2,0,0.94,1
308.415009,261,261,-4.08,4,2,0,0.94,1
308.420013,206,206,-3.8,4,2,0,0.94,1
308.424988,182,182,-3.7,4,4,0,1.42,1
308.429993,245,245,-3.6,4,4,0,1.42,1
308.434998,248,248,-3.27,8,8,0,1.89,1
308.440002,232,232,-2.99,8,8,0,1.89,1
308.445007,186,186,-2.76,8,8,0,3.81,1
308.450012,329,329,-2.59,8,8,0,3.81,1
308.454987,321,321,-2.31,10,10,0,3.81,1
308.459991,301,301,-2.02,10,10,0,3.81,1
308.464996,272,272,-1.94,8,10,0,4.76,1
308.470001,355,355,-1.79,8,10,0,4.76,1
308.475006,345,345,-1.58,14,14,0,4.29,1
308.480011,267,267,-1.38,14,14,0,4.29,1
308.484985,234,234,-1.26,12,12,0,6.68,1
308.48999,407,407,-1.09,12,12,0,6.68,1
308.494995,363,363,-0.71,16,16,0,5.72,1
308.5,219,219,-0.25,16,16,0,5.72,1
308.505005,157,157,-0.06,14,14,0,7.64,1
308.51001,299,299,0.19,14,14,0,7.64,1
308.515015,276,276,0.45,20,18,0,6.68,1
308.519989,181,181,0.75,20,18,0,6.68,1
308.524994,147,147,1.06,16,16,0,9.07,1
308.529999,303,303,1.4,16,16,0,9.07,1
308.535004,260,260,1.84,20,16,0,7.64,1
308.540009,103,103,2.11,20,16,0,7.64,1
308.545013,99,99,2.34,18,16,0,8.6,1
308.549988,186,186,2.61,18,16,0,8.6,1
308.554993,171,171,3.03,18,18,0,8.12,1
308.559998,94,94,3.26,18,18,0,8.12,1
308.565002,80,80,3.59,16,16,0,8.6,1
308.570007,107,107,3.85,16,16,0,8.6,1
308.575012,98,98,4.24,18,16,0,7.65,1
308.579987,12,12,4.38,18,16,0,7.65,1
308.584991,37,37,4.71,14,14,0,8.13,1
308.589996,81,81,4.84,14,14,0,8.13,1
308.595001,105,105,5.03,14,14,0,6.7,1
308.600006,17,17,5.09,14,14,0,6.7,1
308.605011,52,52,5.22,12,12,0,6.7,1
308.609985,75,75,5.19,12,12,0,6.7,1
308.61499,109,109,5.25,12,12,0,5.74,1
308.619995,65,65,5.18,12,12,0,5.74,1
308.625,111,111,5.04,10,10,0,5.74,1
308.630005,161,161,4.84,10,10,0,5.74,1
308.63501,202,202,4.75,10,12,0,4.79,1
308.640015,144,144,4.51,10,12,0,4.79,1
308.644989,164,164,4.39,10,10,0,5.27,1
308.649994,207,207,4.18,10,10,0,5.27,1
308.654999,207,207,4.19,12,10,0,4.79,1
308.660004,151,151,3.97,12,10,0,4.79,1
308.665009,148,148,3.84,10,10,0,5.27,1
308.670013,180,180,3.74,10,10,0,5.27,1
308.674988,164,164,3.9,12,12,0,4.79,1
308.679993,92,92,3.77,12,12,0,4.79,1
308.684998,105,105,3.82,12,10,0,5.75,1
308.690002,186,186,3.73,12,10,0,5.75,1
308.695007,198,198,3.76,12,10,0,5.27,1
308.700012,163,163,3.62,12,10,0,5.27,1
308.704987,181,181,3.44,10,10,0,5.27,1
308.709991,205,205,3.3,10,10,0,5.27,1
308.714996,200,200,3.44,12,12,0,4.8,1
308.720001,118,118,3.4,12,12,0,4.8,1
308.725006,108,108,3.32,10,12,0,5.76,1
308.730011,193,193,3.29,10,12,0,5.76,1
308.734985,188,188,3.38,12,12,0,5.28,1
308.73999,137,137,3.32,12,12,0,5.28,1
308.744995,144,144,3.21,10,10,0,5.76,1
308.75,198,198,3.15,10,10,0,5.76,1
308.755005,190,190,3.32,14,12,0,4.8,1
308.76001,71,71,3.3,14,12,0,4.8,1
308.765015,56,56,3.43,12,10,0,6.24,1
308.769989,158,158,3.42,12,10,0,6.24,1
308.774994,147,147,3.58,12,12,0,5.28,1
308.779999,56,56,3.53,12,12,0,5.28,1
308.785004,66,66,3.68,12,12,0,5.76,1
308.790009,96,96,3.69,12,12,0,5.76,1
308.795013,95,95,3.75,12,12,0,5.76,1
308.799988,94,94,3.65,12,12,0,5.76,1
308.804993,109,109,3.76,10,12,0,5.76,1
308.809998,101,101,3.75,10,12,0,5.76,1
308.815002,99,99,3.81,10,10,0,5.29,1
308.820007,58,58,3.75,10,10,0,5.29,1
308.825012,62,62,3.85,8,10,0,4.81,1
308.829987,11,11,3.81,8,10,0,4.81,1
308.834991,9,9,3.91,10,8,0,4.33,1
308.839996,-38,-38,3.92,10,8,0,4.33,1
308.845001,-40,-40,3.95,8,8,0,4.33,1
308.850006,-37,-37,4.03,8,8,0,4.33,1
308.855011,-35,-35,4.03,6,6,0,3.86,1
308.859985,-58,-58,4.01,6,6,0,3.86,1
308.86499,-34,-34,3.94,4,4,0,2.9,1
308.869995,-78,-78,3.91,4,4,0,2.9,1
308.875,-56,-56,3.78,4,4,0,1.95,1
308.880005,-103,-103,3.69,4,4,0,1.95,1
308.88501,-81,-81,3.57,4,2,0,1.95,1
308.890015,-56,-56,3.48,4,2,0,1.95,1
308.894989,-34,-34,3.28,2,0,0,1.47,1
308.899994,-40,-40,3.16,2,0,0,1.47,1
308.904999,-23,-23,2.93,2,0,0,0.51,1
308.910004,-78,-78,2.78,2,0,0,0.51,1
308.915009,-75,-75,2.63,0,0,0,0.51,1
308.920013,-77,-77,2.58,0,0,0,0.51,1
308.924988,-85,-85,2.44,0,-2,0,0.04,1
308.929993,-114,-114,2.38,0,-2,0,0.04,1
308.934998,-101,-101,2.11,-2,-2,0,-0.44,1
308.940002,-110,-110,1.98,-2,-2,0,-0.44,1
308.945007,-108,-108,1.93,-2,-2,0,-0.92,1
308.950012,-162,-162,1.96,-2,-2,0,-0.92,1
308.954987,-164,-164,1.69,-4,-4,0,-0.92,1
308.959991,-121,-121,1.55,-4,-4,0,-0.92,1
308.964996,-103,-103,1.47,-4,-4,0,-1.88,1
308.970001,-187,-187,1.48,-4,-4,0,-1.88,1
308.975006,-191,-191,1.22,-6,-6,0,-1.88,1
308.980011,-146,-146,1.09,-6,-6,0,-1.88,1
308.984985,-122,-122,1.13,-4,-6,0,-2.83,1
308.98999,-210,-210,1.09,-4,-6,0,-2.83,1
308.994995,-196,-196,0.8,-6,-6,0,-2.36,1
309,-99,-99,0.59,-6,-6,0,-2.36,1
309.005005,-61,-61,0.55,-8,-6,0,-2.83,1
309.01001,-100,-100,0.5,-8,-6,0,-2.83,1
309.015015,-89,-89,0.19,-8,-8,0,-3.31,1
309.019989,-74,-74,0.03,-8,-8,0,-3.31,1
309.024994,-43,-43,-0.35,-6,-8,0,-3.79,1
309.029999,-59,-59,-0.5,-6,-8,0,-3.79,1
309.035004,-68,-68,-0.71,-6,-8,0,-3.31,1
309.040009,-38,-38,-0.81,-6,-8,0,-3.31,1
309.045013,-44,-44,-1,-6,-8,0,-3.32,1
309.049988,-33,-33,-1.12,-6,-8,0,-3.32,1
309.054993,-29,-29,-1.32,-6,-8,0,-3.32,1
309.059998,-23,-23,-1.43,-6,-8,0,-3.32,1
309.065002,-31,-31,-1.52,-6,-4,0,-3.32,1
309.070007,-44,-44,-1.59,-6,-4,0,-3.32,1
309.075012,-57,-57,-1.71,-6,-6,0,-2.36,1
309.079987,13,13,-1.7,-6,-6,0,-2.36,1
309.084991,-2,-2,-1.77,-4,-4,0,-2.84,1
309.089996,-41,-41,-1.7,-4,-4,0,-2.84,1
309.095001,-50,-50,-1.81,-4,-4,0,-1.88,1
309.100006,41,41,-1.85,-4,-4,0,-1.88,1
309.105011,48,48,-1.9,-4,-4,0,-1.88,1
309.109985,49,49,-1.88,-4,-4,0,-1.88,1
309.11499,41,41,-1.97,-4,-4,0,-1.89,1
309.119995,44,44,-2.07,-4,-4,0,-1.89,1
309.125,49,49,-2.02,-2,-2,0,-1.89,1
309.130005,27,27,-2.07,-2,-2,0,-1.89,1
309.13501,7,7,-2.03,-2,0,0,-0.93,1
309.140015,62,62,-1.99,-2,0,0,-0.93,1
309.144989,35,35,-1.93,-2,-2,0,-0.45,1
309.149994,47,47,-1.8,-2,-2,0,-0.45,1
309.154999,24,24,-1.69,0,0,0,-0.93,1
309.160004,-21,-21,-1.73,0,0,0,-0.93,1
309.165009,-8,-8,-1.62,0,-2,0,0.03,1
309.170013,55,55,-1.51,0,-2,0,0.03,1
309.174988,35,35,-1.39,2,0,0,-0.45,1
309.179993,-16,-16,-1.35,2,0,0,-0.45,1
309.184998,-16,-16,-1.19,0,0,0,0.5,1
309.190002,49,49,-1.15,0,0,0,0.5,1
309.195007,54,54,-1.08,0,2,0,0.03,1
309.200012,19,19,-1.12,0,2,0,0.03,1
309.204987,23,23,-1.02,0,2,0,0.5,1
309.209991,40,40,-1.01,0,2,0,0.5,1
309.214996,25,25,-0.86,2,0,0,0.5,1
309.220001,-3,-3,-0.74,2,0,0,0.5,1
309.225006,-28,-28,-0.58,2,2,0,0.5,1
309.230011,-45,-45,-0.45,2,2,0,0.5,1
309.234985,-51,-51,-0.3,0,0,0,0.98,1
309.23999,-19,-19,-0.13,0,0,0,0.98,1
309.244995,-25,-25,-0.1,0,0,0,0.03,1
309.25,-82,-82,0.03,0,0,0,0.03,1
309.255005,-71,-71,0.03,0,0,0,0.03,1
309.26001,-59,-59,0.08,0,0,0,0.03,1
309.265015,-52,-52,0.05,-2,-2,0,0.03,1
309.269989,-35,-35,0.1,-2,-2,0,0.03,1
309.274994,-40,-40,0.08,-2,-2,0,-0.93,1
309.279999,-125,-125,0.23,-2,-2,0,-0.93,1
309.285004,-142,-142,0.34,-2,0,0,-0.93,1
309.290009,-137,-137,0.36,-2,0,0,-0.93,1
309.295013,-102,-102,0.23,-2,-2,0,-0.45,1
309.299988,-21,-21,0.24,-2,-2,0,-0.45,1
309.304993,-15,-15,0.18,-2,-4,0,-0.93,1
309.309998,-50,-50,0.34,-2,-4,0,-0.93,1
309.315002,-56,-56,0.19,-4,-2,0,-1.41,1
309.320007,-47,-47,0.08,-4,-2,0,-1.41,1
309.325012,3,3,-0.1,-4,-2,0,-1.41,1
309.329987,31,31,-0.15,-4,-2,0,-1.41,1
309.334991,27,27,-0.22,-4,-2,0,-1.41,1
309.339996,25,25,-0.37,-4,-2,0,-1.41,1
309.345001,43,43,-0.47,-2,0,0,-1.41,1
309.350006,54,54,-0.63,-2,0,0,-1.41,1
309.355011,56,56,-0.71,-2,-2,0,-0.45,1
309.359985,120,120,-0.76,-2,-2,0,-0.45,1
309.36499,104,104,-0.72,0,0,0,-0.93,1
309.369995,45,45,-0.81,0,0,0,-0.93,1
309.375,49,49,-0.79,2,0,0,0.02,1
309.380005,124,124,-0.86,2,0,0,0.02,1
309.38501,131,131,-0.84,2,0,0,0.5,1
309.390015,166,166,-0.92,2,0,0,0.5,1
309.394989,179,179,-1,0,2,0,0.5,1
309.399994,195,195,-1.14,0,2,0,0.5,1
309.404999,204,204,-1.4,2,2,0,0.5,1
309.410004,199,199,-1.47,2,2,0,0.5,1
309.415009,154,154,-1.26,4,4,0,0.98,1
309.420013,116,116,-1.3,4,4,0,0.98,1
309.424988,83,83,-1.13,4,4,0,1.94,1
309.429993,129,129,-1.04,4,4,0,1.94,1
309.434998,96,96,-0.78,6,6,0,1.94,1
309.440002,56,56,-0.77,6,6,0,1.94,1
309.445007,49,49,-0.52,6,4,0,2.89,1
309.450012,95,95,-0.34,6,4,0,2.89,1
309.454987,68,68,-0.07,6,6,0,2.42,1
309.459991,5,5,0.03,6,6,0,2.42,1
309.464996,6,6,0.29,6,6,0,2.89,1
309.470001,29,29,0.43,6,6,0,2.89,1
309.475006,28,28,0.64,6,6,0,2.89,1
309.480011,26,26,0.73,6,6,0,2.89,1
309.484985,32,32,0.86,4,6,0,2.9,1
309.48999,33,33,0.97,4,6,0,2.9,1
309.494995,33,33,1.12,4,4,0,2.42,1
309.5,-12,-12,1.18,4,4,0,2.42,1
309.505005,-8,-8,1.33,4,4,0,1.94,1
309.51001,-54,-54,1.42,4,4,0,1.94,1
309.515015,-55,-55,1.53,2,4,0,1.94,1
309.519989,-52,-52,1.64,2,4,0,1.94,1
309.524994,-50,-50,1.67,2,2,0,1.46,1
309.529999,-64,-64,1.75,2,2,0,1.46,1
309.535004,-33,-33,1.71,2,0,0,0.99,1
309.540009,-35,-35,1.67,2,0,0,0.99,1
309.545013,-2,-2,1.56,0,2,0,0.51,1
309.549988,-8,-8,1.51,0,2,0,0.51,1
309.554993,11,11,1.38,0,0,0,0.51,1
309.559998,33,33,1.19,0,0,0,0.51,1
309.565002,56,56,1.11,0,0,0,0.03,1
309.570007,23,23,1.02,0,0,0,0.03,1
309.575012,22,22,0.93,0,0,0,0.03,1
309.579987,26,26,0.8,0,0,0,0.03,1
309.584991,35,35,0.76,0,0,0,0.03,1
309.589996,34,34,0.66,0,0,0,0.03,1
309.595001,41,41,0.6,0,2,0,0.03,1
309.600006,48,48,0.45,0,2,0,0.03,1
309.605011,60,60,0.46,0,0,0,0.51,1
309.609985,92,92,0.38,0,0,0,0.51,1
309.61499,102,102,0.31,2,2,0,0.03,1
309.619995,77,77,0.14,2,2,0,0.03,1
309.625,95,95,0.16,2,2,0,0.99,1
309.630005,156,156,-0.08,2,2,0,0.99,1
309.63501,170,170,-0.11,2,4,0,0.99,1
309.640015,155,155,-0.15,2,4,0,0.99,1
309.644989,120,120,-0.26,4,4,0,1.46,1
309.649994,137,137,-0.3,4,4,0,1.46,1
309.654999,104,104,-0.02,6,6,0,1.94,1
309.660004,73,73,0.03,6,6,0,1.94,1
309.665009,47,47,0.26,4,4,0,2.9,1
309.670013,94,94,0.36,4,4,0,2.9,1
309.674988,78,78,0.53,6,6,0,1.94,1
309.679993,-13,-13,0.53,6,6,0,1.94,1
309.684998,-13,-13,0.74,4,6,0,2.9,1
309.690002,46,46,0.82,4,6,0,2.9,1
309.695007,41,41,0.96,6,4,0,2.42,1
309.700012,-1,-1,0.97,6,4,0,2.42,1
309.704987,0,0,1.1,4,4,0,2.42,1
309.709991,-13,-13,1.16,4,4,0,2.42,1
309.714996,-19,-19,1.27,6,6,0,1.95,1
309.720001,-67,-67,1.41,6,6,0,1.95,1
309.725006,-80,-80,1.46,4,4,0,2.9,1
309.730011,-3,-3,1.57,4,4,0,2.9,1
309.734985,-9,-9,1.71,4,4,0,1.95,1
309.73999,-96,-96,1.85,4,4,0,1.95,1
309.744995,-93,-93,1.89,2,2,0,1.95,1
309.75,-64,-64,1.86,2,2,0,1.95,1
309.755005,-31,-31,1.8,0,2,0,0.99,1
309.76001,-86,-86,1.81,0,2,0,0.99,1
309.765015,-87,-87,1.82,0,2,0,0.51,1
309.769989,-127,-127,1.82,0,2,0,0.51,1
309.774994,-121,-121,1.74,0,0,0,0.51,1
309.779999,-103,-103,1.7,0,0,0,0.51,1
309.785004,-100,-100,1.74,0,0,0,0.04,1
309.790009,-144,-144,1.82,0,0,0,0.04,1
309.795013,-137,-137,1.63,-2,-2,0,0.04,1
309.799988,-89,-89,1.45,-2,-2,0,0.04,1
309.804993,-59,-59,1.52,-4,-4,0,-0.92,1
309.809998,-153,-153,1.61,-4,-4,0,-0.92,1
309.815002,-154,-154,1.39,-4,-4,0,-1.88,1
309.820007,-179,-179,1.27,-4,-4,0,-1.88,1
309.825012,-146,-146,1.2,-4,-4,0,-1.88,1
309.829987,-146,-146,1.23,-4,-4,0,-1.88,1
309.834991,-147,-147,0.95,-6,-6,0,-1.88,1
309.839996,-94,-94,0.72,-6,-6,0,-1.88,1
309.845001,-50,-50,0.54,-4,-6,0,-2.83,1
309.850006,-124,-124,0.56,-4,-6,0,-2.83,1
309.855011,-138,-138,0.33,-6,-8,0,-2.36,1
309.859985,-70,-70,0.17,-6,-8,0,-2.36,1
309.86499,-42,-42,0.03,-4,-6,0,-3.31,1
309.869995,-114,-114,0.04,-4,-6,0,-3.31,1
309.875,-116,-116,-0.19,-6,-8,0,-2.36,1
309.880005,-3,-3,-0.38,-6,-8,0,-2.36,1
309.88501,29,29,-0.54,-6,-6,0,-3.31,1
309.890015,-39,-39,-0.59,-6,-6,0,-3.31,1
309.894989,-37,-37,-0.89,-8,-6,0,-2.84,1
309.899994,38,38,-1.13,-8,-6,0,-2.84,1
309.904999,67,67,-1.36,-6,-6,0,-3.31,1
309.910004,31,31,-1.46,-6,-6,0,-3.31,1
309.915009,9,9,-1.61,-4,-4,0,-2.84,1
309.920013,34,34,-1.77,-4,-4,0,-2.84,1
309.924988,31,31,-1.89,-2,-4,0,-1.88,1
309.929993,97,97,-1.97,-2,-4,0,-1.88,1
309.934998,76,76,-2.01,-4,-4,0,-1.4,1
309.940002,92,92,-2.15,-4,-4,0,-1.4,1
309.945007,80,80,-2.07,0,-2,0,-1.88,1
309.950012,5,5,-2.05,0,-2,0,-1.88,1
309.954987,-29,-29,-1.83,2,2,0,-0.45,1
309.959991,37,37,-1.56,2,2,0,-0.45,1
309.964996,6,6,-1.54,0,0,0,0.98,1
309.970001,151,151,-1.53,0,0,0,0.98,1
309.975006,187,187,-1.57,0,-2,0,0.03,1
309.980011,133,133,-1.7,0,-2,0,0.03,1
309.984985,143,143,-1.76,0,2,0,-0.45,1
309.98999,88,88,-1.78,0,2,0,-0.45,1
309.994995,47,47,-1.56,4,4,0,0.51,1
310,64,64,-1.54,4,4,0,0.51,1
310.005005,26,26,-1.26,4,2,0,1.94,1
310.01001,89,89,-1,4,2,0,1.94,1
310.015015,64,64,-0.77,4,4,0,1.46,1
310.019989,37,37,-0.78,4,4,0,1.46,1
310.024994,80,80,-0.7,4,4,0,1.94,1
310.029999,129,129,-0.72,4,4,0,1.94,1
310.035004,129,129,-0.6,4,4,0,1.94,1
310.040009,110,110,-0.52,4,4,0,1.94,1
310.045013,92,92,-0.4,6,4,0,1.94,1
310.049988,67,67,-0.34,6,4,0,1.94,1
310.054993,51,51,-0.08,6,4,0,2.42,1
310.059998,60,60,0.05,6,4,0,2.42,1
310.065002,42,42,0.26,6,6,0,2.42,1
310.070007,22,22,0.41,6,6,0,2.42,1
310.075012,15,15,0.6,6,6,0,2.9,1
310.079987,49,49,0.7,6,6,0,2.9,1
310.084991,60,60,0.78,4,4,0,2.9,1
310.089996,76,76,0.81,4,4,0,2.9,1
310.095001,91,91,0.86,4,4,0,1.94,1
310.100006,18,18,0.82,4,4,0,1.94,1
310.105011,23,23,0.94,4,4,0,1.95,1
310.109985,5,5,0.96,4,4,0,1.95,1
310.11499,-7,-7,1.1,4,4,0,1.95,1
310.119995,-26,-26,1.21,4,4,0,1.95,1
310.125,-38,-38,1.27,4,4,0,1.95,1
310.130005,-36,-36,1.38,4,4,0,1.95,1
310.13501,-35,-35,1.48,2,4,0,1.95,1
310.140015,-33,-33,1.58,2,4,0,1.95,1
310.144989,-22,-22,1.61,2,0,0,1.47,1
310.149994,-38,-38,1.41,2,0,0,1.47,1
310.154999,3,3,1.32,0,0,0,0.51,1
310.160004,-42,-42,1.27,0,0,0,0.51,1
310.165009,-24,-24,1.23,0,0,0,0.04,1
310.170013,-50,-50,1.21,0,0,0,0.04,1
310.174988,-50,-50,1.18,0,0,0,0.04,1
310.179993,-47,-47,1.23,0,0,0,0.04,1
310.184998,-50,-50,1.15,-2,-2,0,0.04,1
310.190002,-30,-30,1.11,-2,-2,0,0.04,1
310.195007,-15,-15,1.12,0,0,0,-0.92,1
310.200012,-91,-91,1.06,0,0,0,-0.92,1
310.204987,-74,-74,0.92,0,0,0,0.04,1
310.209991,29,29,0.81,0,0,0,0.04,1
310.214996,38,38,0.69,-2,0,0,0.04,1
310.220001,40,40,0.49,-2,0,0,0.04,1
310.225006,45,45,0.45,0,0,0,-0.44,1
310.230011,-7,-7,0.32,0,0,0,-0.44,1
310.234985,-10,-10,0.23,2,0,0,0.04,1
310.23999,24,24,0.2,2,0,0,0.04,1
310.244995,6,6,0.13,0,0,0,0.51,1
310.25,31,31,0.09,0,0,0,0.51,1
310.255005,22,22,0.04,0,0,0,0.04,1
310.26001,-24,-24,-0.04,0,0,0,0.04,1
310.265015,-35,-35,-0.02,0,0,0,0.04,1
310.269989,-61,-61,0.06,0,0,0,0.04,1
310.274994,-93,-93,0.19,0,0,0,0.04,1
310.279999,-120,-120,0.34,0,0,0,0.04,1
310.285004,-141,-141,0.44,0,-2,0,0.04,1
310.290009,-144,-144,0.56,0,-2,0,0.04,1
310.295013,-138,-138,0.65,-2,-2,0,-0.44,1
310.299988,-174,-174,0.74,-2,-2,0,-0.44,1
310.304993,-164,-164,0.92,-2,-2,0,-0.92,1
310.309998,-196,-196,1,-2,-2,0,-0.92,1
310.315002,-150,-150,0.85,-4,-4,0,-0.92,1
310.320007,-83,-83,0.76,-4,-4,0,-0.92,1
310.325012,-46,-46,0.7,-4,-2,0,-1.88,1
310.329987,-120,-120,0.76,-4,-2,0,-1.88,1
